AIID|gvkey|statement_date|effdate_final_max|ACTQ|APQ|ATQ|CAPXY|CEQQ|CHEQ|COGSQ|DLTTQ|DOQ|EPSPIQ|INTANQ|INVTQ|LCTQ|LTQ|NIQ|NULL|OIADPQ|OIBDPQ|PPENTQ|RECTRQ|SALEQ|WCAPQ|XINTQ|XRDQ
ai001013.01|001013|20080131|20080410|1279.8|106.2|2205.1|7.4|986.8|795.9|205.3|651.3|0.7|-0.23|537.8|197.5|470.2|1218.3|-27.3|NA|19.6|39.8|201|249|338.5|809.6|5.6|19.5
ai001013.01|001013|20071031|20071210|1279.8|106.2|2205.1|7.4|986.8|795.9|205.3|651.3|0.7|-0.23|537.8|197.5|470.2|1218.3|-27.3|NA|19.6|39.8|201|249|338.5|809.6|5.6|19.5
ai001013.01|001013|20070731|20070810|1279.8|106.2|2205.1|7.4|986.8|795.9|205.3|651.3|0.7|-0.23|537.8|197.5|470.2|1218.3|-27.3|NA|19.6|39.8|201|249|338.5|809.6|5.6|19.5
ai001259.01|001259|20080131|20080417|10.684|0.893|11.195|0.024|3.622|10.208|0|0.019|0|-0.04|0|0|2.163|7.573|-1.687|NA|-3.507|-3.495|0.16|0|0|8.521|0.001|2.033
ai001410.01|001410|20080131|20080410|680.508|72.686|1628.332|9.607|606.472|3.233|828.967|316|0|0.13|608.181|20.676|386.163|1021.86|6.364|NA|15.333|21.669|54.359|503.792|922.636|294.345|4.732|NA
ai001562.01|001562|20080131|20080417|95.521|1.358|120.114|0.71|88.172|74.896|9.67|0|0|0.04|12.66|0|24.83|26.054|1.134|NA|2.756|3.748|7.032|17.374|22.073|70.691|0|1.757
ai001618.01|001618|20080131|20080410|NA|79.397|284.227|5.662|145.187|24.928|34.634|24.235|0|0.57|54.139|66.416|NA|139.04|3.446|NA|6.13|8.802|30.561|66.215|43.436|NA|0.274|NA
ai001632.01|001632|20080131|20080229|2099.405|119.44|3134.943|40.115|2339.253|1271.766|200.132|0|248.871|1.24|283.602|330.196|711.425|795.69|370.719|NA|145.913|183.887|561.295|340.08|613.909|1387.98|0|129.539
ai001633.01|001633|20080131|20080410|373.561|20.329|477.914|6.365|414.851|240.511|58.986|0|0|0.54|0.018|58.287|55.306|63.063|7.147|NA|7.801|10.875|83.69|57.871|99.4|318.255|NA|11.858
ai001655.01|001655|20080131|20080424|130.687|33.902|320.409|14.361|151.463|3.258|88.37|90|0|0.2|83.188|48.547|65.79|168.946|1.901|NA|2.108|6.664|92.343|63.803|105.79|64.897|2.424|NA
ai001704.01|001704|20080131|20080306|6191.806|462.116|10352.488|74.144|7458.731|1905.556|1073.942|202.476|0|0.19|1372.155|1387.512|2353.47|2893.757|262.376|NA|421.869|500.343|1065.087|2014.501|2087.397|3838.336|4.545|273.219
ai001820.01|001820|20080131|20080515|48.384|3.42|61.699|4.734|49.355|17.556|9.674|0|0|0.19|2.337|14.051|8.973|12.344|1.341|NA|1.091|1.486|10.733|12.761|18.13|39.411|0|1.172
ai001864.01|001864|20080131|20080612|193.19|27.253|408.978|68.754|256.591|127.716|51.962|35.224|0.634|0.58|1.322|49.933|60.855|124.658|5.857|NA|2.283|NA|136.505|2.45|71.424|132.335|NA|0
ai001878.01|001878|20080131|20080410|1481.8|79.3|2208.9|43.3|1230.5|949.3|33.6|0|0|0.42|507.8|NA|746.5|978.4|96.5|NA|131.5|148.7|80.2|386.5|599.1|735.3|0|132.4
ai002269.01|002269|20080131|20080320|8131.347|3078.104|11575.211|80.712|463.932|1736.298|668.703|2917.411|-56.642|-0.15|1164.884|NA|7670.603|11111.279|-47.358|NA|2.146|34.889|391.265|3125.384|972.611|460.744|0.624|NA
ai002282.01|002282|20080131|20080410|72.2|28.577|1206.276|92.681|616.011|6.071|356.531|133.096|0|0.62|112.891|28.971|334.693|590.205|20.005|NA|36.983|56.336|996.512|22.072|449.702|-262.493|3.207|NA
ai002352.01|002352|20080131|20080410|626.593|96.22|1773.912|14.358|978.998|198.439|173.599|478.572|0|0.49|916.888|139.814|253.443|794.914|26.69|NA|42.444|57.945|174.234|242.394|364.124|373.15|6.747|10.072
ai002435.01|002435|20080131|20080313|1443.9|354.1|3391.6|31.6|1694.6|136.6|234.9|417.3|0.2|0.94|1382.6|682.5|1007.6|1697|116.1|NA|180.3|186.4|502.1|473.1|672.4|436.3|11|NA
ai002435.02|002435|20080131|20080313|1443.9|354.1|3391.6|31.6|1694.6|136.6|234.9|417.3|0.2|0.94|1382.6|682.5|1007.6|1697|116.1|NA|180.3|186.4|502.1|473.1|672.4|436.3|11|NA
ai002436.01|002436|20080131|20080417|637.057|172.947|1099.841|41.462|558.577|59.801|328.209|150|0|0.33|217.382|435.682|303.915|539.177|13.952|NA|21.339|41.813|141.964|116.873|571.444|333.142|3.716|NA
ai002555.01|002555|20080131|20080605|92.819|14.369|236.517|17.113|16.974|59.177|16.152|103.022|0|2.45|62.956|14.296|83.051|219.543|15.729|NA|30.348|38.007|56.28|7.469|162.77|9.768|5.278|NA
ai002663.01|002663|20080131|20080306|1878|619|6876|90|1595|95|1259|1780|14|0.73|2566|735|2360|5281|274|NA|404|474|1930|813|2218|-482|42|25
ai002802.01|002802|20080131|20080417|216.489|32.727|462.5|22.808|268.025|21.223|94.036|107.809|0|0.76|139.742|85.049|64.518|194.475|8.787|NA|14.207|18.608|98.35|93.117|136.247|151.971|1.216|3.8
ai002807.01|002807|20080131|20080410|278.013|127.938|1181.223|70.413|635.411|133.076|994.092|186.703|0.135|0.26|47.233|116.525|229.01|545.812|13.033|NA|22.47|39.488|847.369|14.673|1154.106|49.003|2.317|0
ai002818.01|002818|20080131|20080417|293.05|110.848|420.792|18.33|247.37|114.578|155.294|0|0|-0.06|0|118.679|148.936|173.422|-1.797|NA|-4.361|1.153|123.19|45.282|212.436|144.114|NA|0
ai002938.01|002938|20080131|20080424|795.994|140.553|1613.304|137.709|730.444|191.118|587.06|306.169|0|-1.08|301.625|391.527|328.837|882.86|-124.422|NA|-32.466|-4.709|459.149|33.535|784.927|467.157|2.265|0
ai002942.01|002942|20080131|20080410|83.609|9.888|278.392|2.507|163.784|14.208|36.434|59.8|0|0.13|154.645|32.015|32.058|114.608|2.157|NA|4.722|7.712|38.55|33.256|60.91|51.551|1.255|0.961
ai003358.02|003358|20080131|20080313|547.96|27.92|611.468|6.386|397.136|340.938|83.446|105.037|0|1.06|30.186|77.743|98.137|214.332|25.469|NA|35.447|38.14|31.297|112.376|152.03|449.823|0.67|9.14
ai003504.01|003504|20080131|20080410|526.34|54.919|2584.942|42.728|1413.534|2.586|85.936|878.251|0|0.15|1395.842|279.007|240.076|1171.408|6.877|NA|20.974|41.086|619.28|164.167|245.033|286.264|11.106|8.131
ai003570.01|003570|20080131|20080410|203.402|65.959|1283.346|45.123|56.074|11.433|209.412|787.81|-0.017|0.87|0|127.194|241.049|1227.272|20.217|NA|45.421|59.744|1034.005|11.028|634.453|-37.647|14.638|NA
ai003594.01|003594|20080131|20080417|15.198|1.875|56.126|3.2|42.728|12.013|0.852|0.085|0|0.19|0.181|0|2.555|13.398|1.801|NA|2.543|3.396|39.391|2.913|4.58|12.643|0.001|NA
ai003647.01|003647|20080131|20080430|88.559|18.312|153.326|4.303|84.118|15.5|51.915|22.026|0|0.07|4.975|37.923|42.685|69.208|0.902|NA|2.02|3.463|32.218|23.37|60.482|45.874|0.753|NA
ai003813.01|003813|20080131|20080320|18906|6721|44560|4369|15307|2450|13499|15126|0|1.24|208|6780|11782|29253|1028|NA|1846|2280|24095|8054|19871|7124|180|0
ai003835.01|003835|20080131|20080306|NA|5193.6|38215.3|312.3|7038.4|1496.3|3317.6|12344.4|0|0.84|1379.5|3288.8|NA|31176.9|369.1|NA|826.6|1026.3|5280.1|20393|5201|NA|295.1|204.3
ai003964.01|003964|20080131|20080424|1945.188|565.215|5338.129|396.337|2514.111|88.912|1461.224|985.904|0|0.63|31.912|1779.279|1184.17|2824.018|47.344|NA|104.377|178.466|3190.444|10.88|2208.11|761.018|19.968|0
ai004036.01|004036|20080131|20080410|752.318|177.303|1427.278|28.345|678.052|49.006|334.67|176.91|0|0.43|174.382|246.203|461.259|749.226|34.07|NA|50.634|64.542|382.317|365.832|511.763|291.059|4.133|NA
ai004072.01|004072|20080131|20080410|416.465|91.155|937.421|27.659|508.027|224.974|223.832|142.91|0|0.12|238.995|161.302|179.745|429.394|7.414|NA|8.51|20.271|257.648|0|345.568|236.72|1.202|0
ai004090.01|004090|20080131|20080625|149.914|19.134|185.386|12.293|107.172|5.501|106.104|29.875|0.06|0.28|0|128.545|42.215|78.214|1.049|NA|4.572|6.67|31.956|4.905|152.268|107.699|0.857|0
ai004115.01|004115|20080131|20080410|285.948|25.674|788.418|42.221|454.599|27.259|247.906|152.119|-0.092|-0.08|317.012|88.63|120.566|333.819|-3.225|NA|-2.373|14.537|174.251|127.959|284.758|165.382|3.566|NA
ai004201.01|004201|20080131|20080410|466.275|54.877|831.39|1.815|142.86|346.485|187.54|500|0|0.5|138.314|0|179.73|680.636|57.928|NA|99.167|102.256|25.646|NA|289.796|286.545|8.414|NA
ai004418.01|004418|20080131|20080410|119.947|3.786|151.246|1.019|138.019|98.553|8.838|0|0|-0.11|23.005|6.268|10.553|13.227|-4.055|NA|-5.199|-4.858|6.971|13.493|18.224|109.394|0|2.448
ai004460.01|004460|20080131|20080410|672.116|88.041|1973.318|9.584|1130.371|106.509|236.328|396.623|0|1.05|1007.422|274.46|266.6|839.957|30.984|NA|35.715|51.774|215.037|232.225|372.429|405.516|7.906|22.725
ai004477.01|004477|20080131|20080710|40.825|0.699|46.367|4.347|42.735|36.641|2.449|0|0.407|-0.13|0|0|3.632|3.632|-6.99|NA|-6.338|-5.588|4.913|0.182|0.28|37.193|NA|1.317
ai004523.01|004523|20080131|20080508|547.8|145.3|869.4|37.7|440|25.4|322|100|0|1.12|11.8|472.2|242.4|429.4|27.5|NA|46.8|60|297.5|0|585.9|305.4|3.2|NA
ai004611.02|004611|20080131|20080410|6324|2091|27789|994|9907|583|5021|9087|0|1.74|9964|5060|5360|17882|750|NA|1222|1549|10991|NA|8594|964|147|0
ai004768.01|004768|20080131|20080410|365.243|35.552|628.864|5.256|63.779|45.079|301.749|177.624|-0.087|-0.25|6.316|183.236|309.091|565.085|-16.357|NA|-16.601|-11.927|160.338|118.717|355.498|56.152|6.161|NA
ai004807.01|004807|20080131|20080410|99.867|14.984|125.944|4.733|71.682|20.442|37.437|2.177|0|0.16|6.666|29.876|50.757|54.262|5.896|NA|8.35|9.206|18.291|34.412|66.271|49.11|0.132|2.163
ai004842.01|004842|20080131|20080424|NA|994.358|10251.597|1239.793|972.116|254.434|243.904|6535.26|0.908|0.12|162.666|31.672|NA|8929.964|12.605|NA|99.497|162.139|7972.313|229.969|406.043|NA|93.792|NA
ai004842.02|004842|20080131|20080424|NA|994.358|10251.597|1239.793|972.116|254.434|243.904|6535.26|0.908|0.12|162.666|31.672|NA|8929.964|12.605|NA|99.497|162.139|7972.313|229.969|406.043|NA|93.792|NA
ai004900.01|004900|20080131|20080508|71.553|1.751|97.169|1.482|74.886|15.65|11.6|0|0|0.09|0.417|31.36|12.098|22.283|0.758|NA|0.805|NA|9.381|19.993|17.054|59.455|0.111|1.54
ai004990.01|004990|20080131|20080410|4086|1006|7838|682|4274|1939|2885|50|0|0.36|43|1575|2433|3564|265|NA|420|582|3267|0|4675|1653|5|0
ai005109.01|005109|20080131|20080424|383.667|75.302|804.556|80.662|416.077|17.703|226.459|155.22|-0.368|0.15|160.507|300.548|145.574|383.141|3.247|NA|46.675|58.61|247.241|24.275|466.995|238.093|3.545|0
ai005142.01|005142|20080131|20080410|210.685|41.264|364.716|6.405|160.894|12.299|106.216|52|0|0.13|65.798|77.258|100.936|203.822|3.063|NA|6.296|8.593|39.079|105.605|151.966|109.749|1.088|6.466
ai005338.01|005338|20080131|20080410|904.692|346.283|2724.742|30.007|1004.539|107.438|672.105|708.239|0|1.3|633.408|264.856|624.542|1713.521|60.687|NA|67.812|93.675|1074.143|374.941|846.292|280.15|11.756|NA
ai005338.02|005338|20080131|20080410|904.692|346.283|2724.742|30.007|1004.539|107.438|672.105|708.239|0|1.3|633.408|264.856|624.542|1713.521|60.687|NA|67.812|93.675|1074.143|374.941|846.292|280.15|11.756|NA
ai005458.01|005458|20080131|20080424|342.033|145.523|483.805|5.955|208.738|32.406|280.939|0|0|0.12|74.734|116.941|266.783|275.067|2.405|NA|10.314|15.833|56.835|175.423|346.89|75.25|3.488|0
ai005567.01|005567|20080131|20080417|226.1|23.813|648.347|2.812|385.253|12.595|83.919|64.666|0|0.39|347.621|117.866|64.945|187.065|10.086|NA|23.23|26.769|56.512|74.518|134.287|161.155|0.862|4.2
ai005567.02|005567|20080131|20080417|226.1|23.813|648.347|2.812|385.253|12.595|83.919|64.666|0|0.39|347.621|117.866|64.945|187.065|10.086|NA|23.23|26.769|56.512|74.518|134.287|161.155|0.862|4.2
ai005568.01|005568|20080131|20080229|3610.826|1190.877|10828.66|201.479|1999.909|644.765|1605|4765.452|0|0.69|4301.956|1444.562|2769.365|8828.678|218.532|NA|406.056|476.503|2060.344|1321.871|2610.863|841.461|93.462|NA
ai005594.01|005594|20080131|20080508|130.484|20.091|253.454|2.886|196.604|24.808|27.796|5.267|0|-0.28|91.161|73.566|34.504|56.85|-3.84|NA|-4.105|-2.233|31.223|19.326|34.661|95.98|0.238|NA
ai005606.01|005606|20080131|20080320|44626|11162|88572|611|37944|9976|20956|5099|0|0.83|25817|7938|36658|50628|2133|NA|2623|3372|7804|14945|28467|7968|NA|898
ai005680.01|005680|20080131|20080410|14674|5732|44324|3558|17714|457|11605|11383|0|0.4|1309|11731|12706|26610|671|NA|1337|1789|27476|1259|17659|1968|199|0
ai005709.01|005709|20080131|20080410|1279.357|265.428|3431.258|31.895|1968.851|192.033|1189.334|350|0|0.65|599.418|669.594|582.578|1462.407|88.181|NA|148.6|178.412|967.457|345.483|1621.165|696.779|6.72|NA
ai005750.02|005750|20080131|20080410|NA|225.359|4325.066|1.485|1049.447|90.755|1100.811|1942.934|0|-2.07|35.947|3461.428|NA|3084.799|-130.943|NA|-134.627|-129.095|103.68|NA|1093.701|NA|44.916|NA
ai005763.01|005763|20080131|20080410|NA|3.625|479.605|0|230.682|4.822|10.94|118.997|0|0.18|0|0|NA|131.187|6.828|NA|8.586|NA|NA|18.178|19.526|NA|1.749|0
ai005763.02|005763|20080131|20080410|NA|3.625|479.605|0|230.682|4.822|10.94|118.997|0|0.18|0|0|NA|131.187|6.828|NA|8.586|NA|NA|18.178|19.526|NA|1.749|0
ai005788.01|005788|20080131|20080424|146.386|36.73|171.354|1.096|106.005|35.176|35.383|0|0|1.22|0|63.829|62.326|65.349|7.805|NA|12.481|13.164|12.146|35.977|60.923|84.06|0.011|NA
ai006081.01|006081|20080131|20080710|5177|1763|11487|48|-806|615|2362|6326|0|-0.75|627|1491|3846|12289|-53|NA|58|147|2006|2794|2954|1331|127|82
ai006307.03|006307|20080131|20080331|12802|3487|27397|570|10667|1622|10900|2606|0|3.17|5039|9963|9562|16417|426|NA|766|1036|8863|744|15074|3240|75|0
ai006346.01|006346|20080131|20080410|161.005|80.697|791.711|133.816|145.242|19.993|259.049|368.238|-0.14|0|25.326|26.03|208.515|646.469|0.098|NA|20.415|34.838|524.878|41.701|338.119|-47.51|15.591|0
ai006410.01|006410|20080131|20080430|30.025|7.669|47.558|1.742|26.855|2.882|16.609|0.219|0|0.32|0|6.13|15.354|19.018|0.802|NA|1.526|1.981|11.568|19.791|21.883|14.671|0.086|NA
ai006502.01|006502|20080131|20080410|7114|4050|22299|2126|4914|918|13228|6529|0|0.48|2234|4855|8689|17385|323|NA|629|955|12498|786|17235|-1575|114|0
ai006532.01|006532|20080131|20080417|117.952|13.66|163.863|4.51|113.135|64.419|13.079|15.8|0|-0.05|14.762|24.68|30.755|50.728|-3.178|NA|-3.44|-0.325|30.645|24.757|31.022|87.197|0.259|11.347
ai006543.01|006543|20080131|20080306|501.481|61.683|838.778|20.838|455.613|63.175|258.885|146.415|0.384|0.19|58.856|183.935|170.809|383.165|9.511|NA|3.331|9.524|179.282|214.088|373.081|330.672|2.148|NA
ai006733.01|006733|20080131|20080410|2919|517|7437|749|2219|1018|1884.324|2905|0|1.11|2410|1251|1374|5163|388.584|NA|565.023|653.023|1862|355|3227.976|1545|45.796|NA
ai006802.01|006802|20080131|20080410|963.189|450.782|1846.716|162.365|827.925|27.019|1040.341|193.316|-0.677|1.01|116.634|510.482|730.075|1018.791|37.158|NA|60.166|86.452|755.368|NA|1452.853|233.114|2.997|0
ai006829.01|006829|20080131|20080410|8686|3713|30869|4010|16098|530|6758|5576|0|0.28|0|7611|7751|14771|408|NA|699|1070|21361|0|10379|935|92|0
ai007228.01|007228|20080131|20080306|6681|395|21412|423|10966|1307|689|5656|0|0.07|9787|1307|3536|10446|77|NA|999|1180|2228|2979|3405|3145|75|639
ai007251.01|007251|20080131|20080424|506.481|23.634|1238.113|37.923|639.167|126.215|26.977|201.102|0|0.4|451.881|8.682|318.953|598.946|35.724|NA|72.441|84.37|100.421|332.641|284.82|187.528|4.54|60.577
ai007279.01|007279|20080131|20080625|8.489|0|8.489|0|1.66|7.504|0|0|0|0.44|0|0|6.829|6.829|5.765|NA|5.743|5.743|0|0.96|5.921|1.66|0|NA
ai007281.01|007281|20080131|20080710|68.095|7.513|109.411|5.456|83.243|21.927|18.689|4.076|0|0.21|20.799|21.258|16.851|26.168|3.19|NA|4.81|5.264|20.234|23.014|29.252|51.244|0.064|1.75
ai007291.01|007291|20080131|20080410|234.772|38.26|446.281|16.702|357.544|90.526|101.261|0|0|0.26|97.865|59.47|69.282|88.737|9.757|NA|12.039|19.81|90.579|71.335|138.778|165.49|NA|NA
ai007921.01|007921|20080131|20080410|417.174|41.402|1214.094|4.364|549.156|40.991|97.097|22.84|0|0.63|636.981|135.546|486.17|664.938|21.339|NA|36.491|44.224|132.156|NA|244.689|-68.996|5.603|NA
ai007922.01|007922|20080131|20080331|3361|556|5600|501|1115|358|1502.345|2236|0|0.93|53|956|1635|4485|212.049|NA|405.198|471.675|1983|1705|2611.24|1726|29.569|0
ai007951.01|007951|20080131|20080417|519.325|38.397|646.216|27.392|463.195|169.551|53.117|50.895|0|0.75|4.4|205.129|99.693|181.156|19.613|NA|18.179|21.832|68.513|94.328|153.567|419.632|0.801|NA
ai008105.01|008105|20080131|20080410|81.348|6.13|145.361|3.828|84.938|28.68|44.805|23|0|0.3|6.561|16.396|29.422|60.423|2.089|NA|3.097|4.97|51.732|29.973|58.026|51.926|0.57|NA
ai008266.02|008266|20080131|20080320|24.54|1.823|69.707|0.159|43.131|22.338|0.726|15.565|0|2.08|5.463|0|10.34|26.576|26.955|NA|-1.613|-1.438|4.015|0.439|1.412|14.2|0.98|NA
ai008304.01|008304|20080131|20080410|1626.777|481.855|2878.696|52.681|1150.09|410.265|337.471|692.43|0|0.39|312.403|506.365|586.12|1728.606|47.988|NA|91.339|114.333|628.071|576.204|625.747|1040.657|8.063|18.092
ai008446.01|008446|20080131|20080410|6751|1472|14309|1243|5312|2471|4079|3505|-1|1.94|0|3641|3338|8997|430|NA|714|830|4959|NA|6390|3413|43|0
ai008475.01|008475|20080131|20080515|749.757|245.423|1583.92|43.116|470.712|20.926|399.321|400.016|-1.898|-0.39|0|561.152|554.414|1113.208|-20.403|NA|-26.866|-7.554|780.779|29.45|517.639|195.343|8.905|0
ai008551.01|008551|20080131|20080424|836.219|112.829|2172.394|94.749|956.283|269.914|281.266|399.552|0|0.56|1062.379|322.223|360.148|1216.111|30.334|NA|52.717|63.621|232.028|154.355|584.523|476.071|8.375|NA
ai008577.01|008577|20080131|20080313|662.513|223.89|3079.438|35.547|921.125|17.719|622.767|824.773|0|1.12|48.852|NA|639.015|2158.313|82.268|NA|142.997|165.703|2158.918|NA|788.47|23.498|15.139|NA
ai008832.01|008832|20080131|20080619|116.25|35.483|145.863|0.873|41.866|81.225|46.382|4.134|0|-0.05|25.633|3.05|99.747|103.997|-0.565|NA|1.125|2.294|2.892|30.239|53.944|16.503|0.149|0.066
ai008859.01|008859|20080131|20080410|574.164|147.723|1320.04|7.155|887.148|215.024|378.561|2.538|0|0.08|286.589|169.454|314.23|432.892|3.084|NA|19.752|38.671|416.244|172.769|447.552|259.934|0.929|NA
ai008958.01|008958|20080131|20080605|100.869|8.374|147.861|6.635|118.275|22.772|43.212|0|0|0.33|8.634|36.529|22.108|29.586|6.021|NA|8.824|10.903|35.743|36.538|58.359|78.761|0|4.4
ai009248.01|009248|20080131|20080417|1398.001|637.158|2371.322|236.121|970.649|263.678|1232.674|150|0|0.71|2.889|1025.295|1010.605|1400.673|94.462|NA|149.275|181.503|868.315|37.468|1651.702|387.396|NA|0
ai009599.01|009599|20080131|20080417|292.218|13.922|396.046|3.765|348.71|209.096|33.517|0|0|0.24|35.6|28.902|36.656|47.336|14.86|NA|13.74|15.945|30.569|33.609|78.62|255.562|NA|11.272
ai009774.01|009774|20080131|20080410|3240.2|639.2|8504.4|354.9|2982.1|63.9|3318.3|3324.1|-4.5|0.41|1299.9|2226|1586.6|5505.7|54.6|NA|151.6|218.1|2920.6|839.1|3789.5|1653.6|63.3|NA
ai009777.01|009777|20080131|20080410|854.317|114.634|3162.253|53.562|1850.604|327.664|454.781|790.424|0|0.75|1703.153|348.277|243.923|1311.649|42.401|NA|72.808|87.685|489.448|141.215|665.373|610.394|10.725|NA
ai009921.01|009921|20080131|20080417|345.579|161.622|1095.603|5.241|425.84|5.71|301.445|347.374|0|-0.12|428.195|126.243|201.7|669.763|-3.49|NA|-0.663|11.222|316.579|191.659|335.106|143.879|5.267|NA
ai010549.01|010549|20080131|20080410|653.101|138.24|1006.854|9.439|681.104|234.285|526.114|0|0|0.39|181.056|200.975|278.043|325.75|21.602|NA|29.898|33.437|157.366|177.681|599.17|375.058|0.353|NA
ai010618.01|010618|20080131|20080410|741.863|101.866|1031.109|11.027|354.138|29.762|245.676|228.241|0|0.49|102.708|295.923|431.644|676.971|18.627|NA|32.02|43.006|170.569|NA|405.799|310.219|4.883|NA
ai011096.01|011096|20080131|20080410|1049.314|375.844|3545.12|8.64|1383.546|84.131|535.23|801.695|0|0.21|1956.785|321.867|923.613|2121.318|21.101|NA|54.981|74.41|522.287|513.425|765.124|125.701|15.683|22.742
ai011099.01|011099|20080131|20080424|129.229|4.571|135.017|0.251|85.469|101.636|11.414|0|0|0.85|0|20.052|42.864|49.548|8.471|NA|9.337|9.666|4.818|6.186|21.08|86.365|0|NA
ai011178.01|011178|20080131|20080410|99.413|75.396|304.814|17.748|176.71|52.317|213.416|27.889|0|0.98|10.605|34.237|80.878|128.104|6.439|NA|11.183|14.62|141.665|2.729|292.829|18.535|0.832|0
ai011185.01|011185|20080131|20080625|66.514|18.476|127.035|4.832|72.148|2.066|20.468|3.772|0|-0.22|2.298|43.008|34.518|54.887|-3.15|NA|-3.129|-1.521|46.333|15.474|32.535|31.996|0.323|NA
ai011213.01|011213|20080131|20080410|557.98|194.653|798.59|7.211|330.919|71.732|572.739|12.182|0|-0.59|151.484|40.494|436.969|467.611|-13.208|NA|-17.182|-7.326|73.937|392.791|590.493|121.011|1.622|NA
ai011259.01|011259|20080131|20080410|47585|30370|163514|14937|64608|5569|79759|33402|0|1.03|16071|35180|58454|96967|4096|NA|6836|8497|97017|3654|107374|-10869|644|0
ai011499.01|011499|20080131|20080410|619.1|203.441|2766.996|29.009|632.716|220.82|131.501|988.106|0|0.69|1827.65|110.275|712.089|2134.28|39.984|NA|70.346|88.103|132.005|248.165|429.274|-92.989|16.952|NA
ai011511.01|011511|20080131|20080424|1049.775|197.561|2093.854|212.024|1165.723|118.95|764.474|11.238|0|1.17|0|693.661|611.534|928.131|124.564|NA|197.219|235.275|981.075|48.052|1374.355|438.241|0.551|0
ai011584.01|011584|20080131|20080417|2064|233|3248|148|2271|493|1105|221|1|0.55|362|1281|501|977|85|NA|41|75|521|50|1482|1563|6|0
ai011669.01|011669|20080131|20080410|1111.931|322.892|1539.224|39.206|826.807|56.786|421.292|185.606|8.181|1.34|105.605|952.388|370.623|712.417|60.833|NA|87.463|102.609|285.187|0|827.819|741.308|3.015|0
ai011672.01|011672|20080131|20080331|3992.294|1516.754|6599.934|526.987|2131.245|732.612|4048.982|853.46|0|0.7|182.924|2737.378|2760.993|4468.689|301.149|NA|474.159|571.215|2235.135|143.289|5488.256|1231.301|NA|0
ai011903.01|011903|20080131|20080410|201.46|55.076|354.094|5.345|43.478|1.45|169.663|210.105|0|0.29|15.208|102.892|89.622|310.616|1.98|NA|7.125|11.66|132.748|81.137|204.989|111.838|4.31|NA
ai011910.01|011910|20080131|20080320|2053.515|34.247|2771.538|5.859|1198.826|1818.904|49.539|600|2.121|0.05|431.611|0|671.109|1572.712|16.805|NA|12.848|21.848|177.082|133.606|230.926|1382.406|5.6|46.058
ai012122.01|012122|20080131|20080918|179.375|14.426|331.994|20.662|111.945|4.032|139.053|124.128|0|0.08|8.117|149.31|74.084|220.049|1.133|NA|4.974|8.932|137.931|0|207.1|105.291|2.959|0
ai012123.01|012123|20080131|20080410|891.11|260.272|1443.815|60.36|638.486|37.131|851.824|165.274|6.367|1.05|0|747.942|500.344|805.329|92.015|NA|132.27|155.894|481.366|0|1412.374|390.766|2.081|0
ai012171.01|012171|20080131|20080410|4922.982|2288.74|5220.935|21.474|1920.721|447.34|6148.436|363.639|0|0.92|13.772|1642.317|2878.564|3300.214|50.176|NA|73.784|88.124|129.139|2659.446|6483.879|2044.418|11.257|NA
ai012234.01|012234|20080131|20080605|295.68|18.484|379.466|7.582|345.592|218.49|37.985|0|0|1.19|9.323|26.283|32.502|33.874|35.302|NA|20.87|21.83|8.783|40.205|76.398|263.178|NA|9.443
ai012379.01|012379|20080131|20080326|136.218|16.01|310.29|15.472|210.98|55.431|104.913|26.188|0|-0.14|0|48.608|52.479|99.31|-2.021|NA|-3.465|5.446|154.979|20.159|132.837|83.739|0.23|NA
ai012395.01|012395|20080131|20080410|NA|192.346|7020.619|3.791|3413.382|956.644|861.524|2204.606|0|-0.61|0|5352.246|NA|3599.223|-95.957|NA|-127.869|-120.908|98.342|NA|861.934|NA|33.105|NA
ai012403.01|012403|20080131|20080424|393.834|70.416|550.572|31.289|372.059|10.266|367.269|35.653|0|-0.11|6.139|320.268|123.321|178.513|-4.385|NA|7.008|13.899|146.117|30.972|494.108|270.513|0.452|0
ai012421.01|012421|20080131|20080619|546.322|237.774|638.993|15.949|298.149|74.655|298.454|12.588|0|-2.12|0|440.241|294.815|340.844|-66.029|NA|-0.227|10.651|82.248|8.632|451.476|251.507|1.328|0
ai012576.02|012576|20080131|20080417|111.097|23.478|158.25|-0.209|88.12|8.812|33.853|9.848|0|0.16|22.945|3.561|59.988|70.13|2.208|NA|4.463|6.396|21.562|90.115|66.879|51.109|0.601|NA
ai012597.01|012597|20080131|20080625|70.269|3.313|84.623|3.428|68.873|3.427|18.418|10.753|0|0.18|0.871|48.116|4.997|15.75|0.998|NA|1.724|2.095|13.325|14.928|24.959|65.272|0.125|0.359
ai012717.01|012717|20080131|20080430|1.553|0.403|24.283|0.006|18.696|1.235|0.011|5|0|-0.02|0|0.225|0.587|5.587|-2.685|NA|-2.692|-2.69|0.031|0.06|0.052|0.966|0|1.313
ai012782.01|012782|20080131|20080522|15.283|1.07|35.874|2.809|18.558|5.072|2.51|10.46|0|0.01|0.32|7.439|5.533|17.316|2.126|NA|2.875|3.715|19.598|0|8.043|9.75|0.288|NA
ai012868.01|012868|20080131|20080410|1376.615|297.646|2448.629|35.41|854.923|75.181|310.631|725.098|-7.282|-0.18|643.675|490.235|799.279|1593.706|-21.94|NA|-4.287|14.728|365.317|638.707|605.296|577.336|14.64|NA
ai012884.01|012884|20080131|20101027|2205.229|126.338|4169.488|41.456|980.224|1478.3|723.724|610|0|-0.88|1396.63|77.816|1540.117|3050.625|-180.105|NA|-226.956|-114.856|145.088|381.217|490.797|665.112|37.487|383.602
ai013003.02|013003|20080131|20080410|1651.404|183.213|2236.245|15.75|754.123|226.944|416.208|396.142|1.141|0.66|78.576|800.44|821.031|1482.122|71.052|NA|110.363|122.585|237.619|552.601|640.329|830.373|6.814|NA
ai013013.01|013013|20080131|20080410|84.879|1.359|105.773|0.329|93.958|71.326|2.693|0|5.32|0.53|5.236|5.374|11.815|11.815|6.515|NA|1.283|2.275|3.244|5.762|11.306|73.064|0|0.683
ai013200.01|013200|20080131|20080410|193.365|82.556|1080.023|65.932|642.957|95.041|57.898|242.737|0|-0.08|206.066|16.506|131.206|387.179|-3.34|NA|0.056|24.777|604.706|72.077|103.215|62.159|2.134|4.238
ai013323.01|013323|20080131|20080306|244.684|87.608|637.721|10.193|409.3|11.4|326.971|121.471|0|0.31|0|152.131|88.07|228.421|6.222|NA|11.622|21.79|390.596|61.305|362.566|156.614|2.048|NA
ai013328.01|013328|20080131|20080417|161.782|51.382|317.557|7.611|69.108|10.919|86.593|124.133|-4.086|-0.4|75.308|85.832|82.31|237.031|-10.285|NA|-3.771|-1.174|79.782|58.632|94.487|79.472|2.056|1.484
ai013380.01|013380|20080131|20080417|1126.135|176.844|2371.024|140.985|1175.606|101.162|625.419|253.346|0|0.28|0.297|857.173|781.038|1195.418|39.472|NA|43.631|78.185|1092.004|0|999.724|345.097|10.214|0
ai013381.01|013381|20080131|20080424|146.281|34.187|325.361|21.377|181.941|5.293|77.882|12.45|-0.696|0.02|95.851|117.787|105.312|143.42|0.637|NA|3.433|8.153|62.156|2.813|133.871|40.969|1.184|0
ai013531.01|013531|20080131|20080710|94.506|19.393|150.944|4.357|27.056|2.28|47.532|23.608|0.165|-0.39|3.406|77.907|35.989|123.888|-7.3|NA|-2.544|-1.379|43.683|4.453|79.384|58.517|1.03|0
ai013602.01|013602|20080131|20080417|NA|4.233|195.14|2.028|131.875|0.183|36.874|40.496|0|0.29|0.355|13.963|NA|63.265|3.378|NA|0.067|0.363|17.971|155.191|64.877|NA|0.76|NA
ai013646.01|013646|20080131|20080410|1843.567|69.186|2922.156|185.608|1637.367|246.654|404.731|343.465|0|0.91|23.007|1242.465|584.861|1284.789|118.25|NA|270.992|300.512|748.21|193.974|1053.157|1258.706|NA|NA
ai013962.01|013962|20080131|20080410|414.24|135.302|1615.251|15.289|205.287|37.018|643.966|1017.865|0|0.76|484.789|181.421|363.784|1405.13|51.198|NA|78.597|99.672|696.586|169.074|763.968|50.456|22.851|0
ai014102.01|014102|20080131|20080410|801|300|2758|13|1834|144|213|281|0|0.14|1323|108|459|924|17|NA|1|28|364|380|322|342|6|20
ai014489.01|014489|20080131|20080410|19880|11492|27561|831|3735|7972|12871|362|0|0.31|2428|1180|18526|23732|679|NA|880|1055|2668|7693|15989|1354|NA|237
ai014581.02|014581|20080131|20080522|18.729|1.293|22.549|0.108|16.876|6.471|3.607|0|0|-0.17|2.534|5.745|4.95|5.673|-0.675|NA|-0.711|-0.405|1.286|6.252|7.509|13.779|0|0.618
ai014603.01|014603|20080131|20080417|24.913|2.387|28.241|0.314|21.531|20.063|7.958|0.017|0|-0.03|0|2.394|6.693|6.71|-6.154|NA|-6.402|-6.283|1.801|NA|1.675|18.22|NA|4.941
ai015416.01|015416|20080131|20080625|8.691|0.865|28.589|3.38|17.689|2.809|5.424|6.664|0|0.07|0|3.166|3.08|10.9|0.523|NA|0.906|1.371|19.662|2.359|8.301|5.611|0.094|0.01
ai015520.01|015520|20080131|20080731|2414.7|89.3|3024.2|129.1|1806.1|41.7|1107.7|380|0|0.85|30.6|1445.5|598.6|1218.1|144.4|NA|197.4|231.3|502.4|848.2|1384.8|1816.1|11.1|0
ai015521.01|015521|20080131|20080313|4555.382|1560.728|9036.344|470.377|5718.007|1272.464|3675.779|342.169|0|0.48|2027.637|2053.163|2609.898|3308.11|333.181|NA|516.859|619.814|2161.139|619.754|5324.442|1945.484|7.668|0
ai015533.01|015533|20080131|20080515|481.593|123.554|1493.948|209.367|571.662|75.243|62.824|256.655|0|1.55|226.408|322.228|261.609|922.031|90.448|NA|59.064|79.877|728.817|25.505|188.195|219.984|7.082|NA
ai016488.02|016488|20080131|20080417|17.878|4.993|55.246|0.549|37.057|5.884|4.244|8.119|-0.147|-0.08|20.954|4.348|9.607|17.726|-4.736|NA|-3.835|-2.891|6.034|5.797|10.491|8.271|0.801|0.789
ai019402.01|019402|20080131|20080605|183.765|24.29|237.698|1.445|173.874|38.341|95.037|0|0|0.06|42.889|59.934|63.351|63.824|1.067|NA|4.837|6.129|5.261|66.944|128.676|120.414|0.854|NA
ai019431.01|019431|20080131|20080625|95.947|22.807|140.412|5.763|59.78|3.23|50.443|19.708|0|-0.56|3.175|47.462|56.403|80.632|-3.762|NA|-2.766|-1.686|35.401|39.587|58.503|39.544|0.657|4.994
ai020259.02|020259|20080131|20080410|551.116|327.901|2131.335|169.032|544.524|15.623|266.516|803.053|0|0.14|70.859|124.178|435.082|1586.811|6.514|NA|22.924|45.103|1110.909|266.521|321.858|116.034|14.706|NA
ai020779.01|020779|20080131|20080229|32442|763|55300|591|32812|22693|3150|6851|0|0.34|14728|1267|12193|22407|2060|NA|2404|2861|3973|4647|9831|20249|91|1216
ai021519.01|021519|20080131|20080417|96.059|9.224|157.715|0.623|91.256|4.207|20.401|11.104|0|-0.5|25.034|58.199|53.731|66.459|-7.423|NA|-6.864|-5.244|36.232|25.086|34.519|42.328|1.007|NA
ai021828.01|021828|20080131|20080417|507.891|125.388|1393.755|139.998|839.484|143.135|278.954|0|0|-0.11|286.579|250.697|312.876|554.271|-6.671|NA|18.187|47.662|561.27|16.944|600.801|195.015|0.575|0
ai022612.01|022612|20080131|20080605|149.081|19.671|224.076|38.523|127.839|100.618|114.609|3.583|0|0.13|0|31.59|58.845|94.07|12.208|NA|15.061|18.809|72.881|0|179.552|90.236|0.26|0
ai023223.01|023223|20080131|20080508|4.039|1.51|14.984|1.153|10.88|2.314|1.723|0|0|-0.03|0|1.483|1.76|4.104|-3.703|NA|-3.57|-3.486|7.159|0.242|2.095|2.279|0|NA
ai024096.03|024096|20080131|20080605|31.465|0.817|42.835|0.043|29.578|21.955|3.46|0|0|0.32|10.077|0|13.257|13.257|2.809|NA|5.275|5.64|0.184|7.363|8.735|18.208|0|NA
ai024171.01|024171|20080131|20080530|598.608|152.331|951.965|115.408|172.923|183.213|282|157.793|-116.746|-2.59|45.826|339.32|302.746|618.693|-125.738|NA|-0.886|49.453|254.659|16.618|453.668|295.862|4.169|0
ai024234.01|024234|20080131|20080605|252.183|73.093|359.08|11.789|194.51|59.078|145.411|0|0|-0.02|43.423|79.444|118.35|120.672|-0.791|NA|0.351|4.763|36.627|109.489|218.007|133.833|NA|NA
ai024283.01|024283|20080131|20080326|1393.6|490.9|4703.2|66.4|1463.3|21.2|721.3|1922.2|0|0.27|2574.5|1025.6|699.4|3239.9|53.3|NA|114.5|141.1|705.1|243.1|1001.1|694.2|38.8|NA
ai024463.01|024463|20080131|20080410|130.946|29.891|213.121|7.001|138.711|35.38|83.052|0|0|0.07|15.044|42.87|47.929|74.26|3.254|NA|4.876|7.337|57.057|40.684|123.182|83.017|0.026|NA
ai024483.01|024483|20080131|20080605|871.908|220.158|2067.631|109.659|363.061|21.238|711.459|1147.058|0|4.51|183.639|754.802|445.457|1704.57|75.198|NA|142.853|173.709|885.455|0|1171.23|426.451|25.884|0
ai024538.01|024538|20080131|20080424|162.787|25.477|2352.459|7.056|409.147|45.578|96.241|450.106|0|0.09|273.188|35.873|84.272|1091.898|8.885|NA|18.835|25.797|306.066|NA|130.273|78.515|5.888|NA
ai024975.01|024975|20080131|20080410|1221.502|6.964|2464.871|9.726|1439.926|860.315|43.296|NA|0|0.32|832.785|0|710.555|1024.945|46.445|NA|53.839|78.444|128.578|142.054|315.465|510.947|NA|92.514
ai025130.01|025130|20080131|20080410|347.576|105.407|1276.246|5.803|545.981|26.402|278.858|474.17|0|0.39|659.622|152.927|206.012|730.265|7.51|NA|18.696|55.054|259.167|127.553|361.489|141.564|6.904|NA
ai025138.01|025138|20080131|20080522|19.681|3.975|32.898|0.123|25.313|17.801|0.45|0|0|-0.05|12.097|0|6.613|7.585|-1.484|NA|-1.652|-1.319|1.005|1.582|2.733|13.068|NA|0.64
ai025167.01|025167|20080131|20080417|670.995|146.713|1256.467|126.076|815.937|99.367|283.14|92.399|0|0.28|75.609|492.423|277.255|440.53|14.815|NA|21.549|44.552|410.167|18.144|534.958|393.74|1.533|0
ai025186.01|025186|20080131|20080424|318.101|77.124|460.539|25.898|256.689|15.145|326.476|27.133|0|-0.3|0|262.496|152.632|203.85|-12.148|NA|-22.135|-15.257|110.687|NA|417.444|165.469|NA|0
ai025234.01|025234|20080131|20080424|261.621|25.155|450.657|27.484|338.32|167.203|109.223|0|0|0.98|0|77.639|77.226|112.337|29.064|NA|42.932|48.797|102.334|2.8|206.961|184.395|0|0
ai025283.01|025283|20080131|20080326|3723.889|835.985|10560.082|1541.683|6101.603|663.671|3605.412|2051.875|0|1.32|219.296|2855.733|1771.448|4458.479|411.669|NA|683.804|809.908|6509.819|0|5487.322|1952.441|23.02|0
ai025314.01|025314|20080131|20080410|238.335|25.665|2113.729|141.914|234.345|138.333|145.495|1560.016|0|-0.45|396.962|NA|181.007|1879.384|-13.849|NA|6.279|41.15|1432.888|22.469|269.665|57.328|27.548|0
ai025322.01|025322|20080131|20080410|NA|0|2066.621|0|391.166|6.073|7.496|1313|0|0.52|0|0|NA|1675.455|12.584|NA|41.056|41.212|NA|2048.658|48.708|NA|20.527|NA
ai025430.01|025430|20080131|20080424|189.826|11.118|242.862|1.467|116.886|136.5|21.677|NA|0|-0.29|0|35.411|49.177|53.704|-18.917|NA|-19.128|-16.955|38.761|10.402|15.019|140.649|0.032|5.484
ai025623.01|025623|20080131|20080424|52.476|2.702|83.991|1.914|74.312|12.904|10.057|0|0|-0.14|10.083|18.771|8.681|9.679|-1.544|NA|-2.269|-1.583|16.886|11.793|15.075|43.795|0.008|1.432
ai025680.01|025680|20080131|20080605|305.34|67.777|696.955|73.37|423.372|73.568|165.581|46.667|0|0.5|106.636|81.816|177.644|273.185|9.606|NA|16.355|28.048|247.367|125.091|223.589|127.696|0.986|NA
ai025880.01|025880|20080131|20080313|863.524|187.031|1929.67|16.344|1306.484|171.228|500.635|60.057|0|0.45|773.146|288.777|492.714|623.186|60.364|NA|97.114|104.287|133.98|366.838|776.946|370.81|2.383|NA
ai025896.01|025896|20080131|20080605|227.339|91.207|284.833|16.878|99.051|5.595|113.31|6.975|0|0.77|1.368|206.836|168.554|185.782|11.866|NA|19.625|23.238|53.514|NA|168.312|58.785|NA|0
ai025980.01|025980|20080131|20080417|93.818|7.869|346.797|4.217|81.37|10.404|10.362|235.288|0|-0.05|191.393|32.751|26.438|265.427|-1.803|NA|-1.118|4.571|28.266|31.976|37.897|67.38|2.351|4.589
ai026019.02|026019|20080131|20080605|726.8|372|1805.9|102.4|202.3|160.2|490.2|572.2|15.1|-0.36|409.2|179.1|555.9|1533.1|-29.3|NA|2|NA|616.8|305.6|529.1|170.9|14.4|9.6
ai026044.01|026044|20080131|20080424|35.77|4.201|156.011|0.127|96.746|19.093|4.695|0|0|-0.16|79.256|0|46.035|59.265|-3.911|NA|-3.951|0.409|5.191|9.292|16.135|-10.265|NA|1.076
ai026355.01|026355|20080131|20080522|7.093|7.828|86.508|31.501|60.575|3.825|0|5.936|0|0.11|0|0|11.277|25.933|10.137|NA|-2.838|-2.838|68.599|0.268|0|-4.184|NA|NA
ai027810.01|027810|20080131|20080326|126.873|2.903|136.232|0.627|-14.814|90.922|4.387|0|0|-0.04|0|14.641|141.506|151.046|-0.997|NA|0.265|0.949|5.941|18.572|29.316|-14.633|1.299|5.017
ai027928.01|027928|20080131|20080306|1909.294|144.169|4371.856|121.919|1842.522|1370.357|137.823|997.906|-0.755|0.35|1901.467|0|1426.963|2525.396|115.247|NA|173.63|216.907|384.7|372.385|834.874|482.331|13.51|149.767
ai027937.01|027937|20080131|20080424|320.587|62.349|752.143|106.363|483.345|97.587|295.912|0|-2.396|0.07|6|170.182|133.456|268.798|5.23|NA|16.077|-51.681|376.243|0|420.142|187.131|NA|0
ai027938.01|027938|20080131|20080605|219.93|67.786|291.616|18.434|196.612|9.177|115.066|0|0|0.09|0|200.781|78.475|95.004|1.127|NA|1.603|5.628|71.686|0.411|164.341|141.455|0.085|0
ai027939.01|027939|20080131|20080522|1.191|0.027|2.002|0.002|-0.458|0.94|0|0.04|0|-0.02|0.134|0|2.42|2.46|-2.326|NA|-0.858|NA|0.148|0|0|-1.229|1.239|0.223
ai027981.01|027981|20080131|20080417|486.733|88.134|1250.126|202.223|912.516|274.27|211.525|0|-0.039|-0.12|135.704|144.261|181.193|337.61|-20.536|NA|-34.242|-9.507|567.953|6.497|409.297|305.54|NA|0
ai027997.01|027997|20080131|20080410|97.622|3.611|146.427|0.828|118.013|37.368|27.872|4.881|0|0.12|20.418|7.747|20.287|28.414|1.488|NA|2.38|3.879|16.271|42.978|42.725|77.335|0.139|2.979
ai028018.01|028018|20080131|20080417|189.224|52.915|397.184|68.794|208.295|33.313|135.894|0|0|0.98|0|119.523|131.186|188.889|26.779|NA|43.763|52.228|185.357|12.64|278.427|58.038|NA|0
ai028145.01|028145|20080131|20080424|228.816|9.341|563.919|11.362|365.592|124.281|18.587|0|0|-0.02|119.332|0|176.091|198.327|-2.022|NA|-0.266|2.907|77.981|85.68|84.31|52.725|0.092|20.144
ai028249.01|028249|20080131|20080424|62.213|8.956|77.029|1.329|63.089|36.484|10.442|0|0|0.02|0|10.345|13.783|13.94|0.355|NA|0.698|1.224|11.496|12.346|17.837|48.43|NA|2.196
ai028303.01|028303|20080131|20080430|307.16|52.041|586.265|18.955|273.527|14.541|137.238|175.31|0|0.67|192.656|136.431|89.29|309.445|9.86|NA|19.711|23.294|78.954|132.131|212.338|217.87|3.704|NA
ai028518.01|028518|20080131|20080331|130.949|70.882|325.646|1.773|135.452|0.41|115.894|59.177|0|0.1|0|31.737|107.297|190.194|1.583|NA|3.834|12.079|193.769|91.369|134.894|23.652|1.294|NA
ai028648.01|028648|20080131|20080417|728.871|124.852|2167.257|294.437|986.597|58.322|856.508|508.765|0|0.6|45.79|501.212|555.889|1180.66|75.401|NA|130.584|182.019|1230.77|49.341|1328.434|172.982|14.697|0
ai028924.01|028924|20080131|20080424|1965.681|854.671|3249.826|196.509|1074.72|361.047|1255.595|0|0|1.88|343.277|1366.858|1590.167|2163.053|115.041|NA|187.356|230.758|824.633|18.511|1845.694|375.514|0.621|0
ai029085.01|029085|20080131|20080424|372.542|14.078|517.39|0.745|183.768|240.777|27.262|120.178|0|-0.55|54.311|51.339|162.265|333.622|-56.127|NA|-14.385|-2.817|46.73|58.319|63.202|210.277|2.53|17.235
ai029150.01|029150|20080131|20080417|433.61|74.02|1142.791|115.37|853.431|185.398|262.493|0|0|0.32|0|171.925|167.378|289.36|53.615|NA|80.331|99.057|488.889|26.365|465.411|266.232|NA|0
ai029264.01|029264|20080131|20080430|651.847|171.83|1502.979|84.905|454.779|25.476|389.307|308.377|0|-3.23|333.854|329.104|443.044|1048.2|-171.378|NA|-20.911|11.546|486.733|210.853|587.397|208.803|8.462|0
ai029278.01|029278|20080131|20080410|194.671|14.025|603.544|1.866|555.159|22.145|41.683|1.618|0|0.26|85.391|107.542|37.386|48.385|8.669|NA|15.102|22.083|274.257|41.104|82.881|157.285|0.156|5.981
ai029621.01|029621|20080131|20080417|533.193|155.154|824.762|12.163|585.011|265.215|235.317|0.062|-0.086|0.58|188.361|64.691|212.815|239.751|27.803|NA|9.346|13.838|60.967|191.392|277.972|320.378|0.472|NA
ai029698.01|029698|20080131|20080430|70.755|16.915|111.716|1.422|51.696|3.274|35.755|33.426|0|0.08|10.374|40.868|23.903|60.02|0.313|NA|1.272|2.185|29.612|23.765|41.132|46.852|0.731|NA
ai029705.01|029705|20080131|20080326|167.958|33.562|297.841|28.372|176.366|4.117|77.672|0.07|0|0.13|4.733|77.18|114.913|121.475|5.383|NA|6.992|12.339|98.722|66.187|118.201|53.045|0.515|4.943
ai029901.01|029901|20080131|20080410|361.618|90.934|1052.903|58.261|921.843|173.225|93.168|0|0|0.36|165.976|7.356|113.014|131.06|32.026|NA|48.736|59.818|459.321|NA|174.359|248.604|NA|0
ai030059.01|030059|20080131|20080424|1020.834|157.928|1867.68|250.407|1340.464|619.939|540.086|0|0|0.67|11.479|286.485|376.178|527.216|140.479|NA|209.192|237.671|625.568|NA|995.401|644.656|NA|0
ai030138.01|030138|20080131|20080417|313.355|47.383|440.098|27.696|261.165|82.082|73.977|0|0|1.46|0|206.825|126.221|178.933|26.508|NA|44.769|49.493|126.235|5.855|208.895|187.134|0.07|0
ai030219.01|030219|20080131|20080508|429.844|55.167|667.422|9.421|299.068|193.396|152.98|157.887|0|-0.28|63.354|132.585|145.066|368.354|-10.409|NA|47.484|57.117|140.021|35.054|373.843|284.778|4.607|NA
ai031214.01|031214|20080131|20080619|38.737|16.729|103.901|30.853|75.768|13.884|7.96|0|0|0.34|8.05|6.352|24.742|28.133|3.347|NA|4.287|7.643|53.179|12.816|20.803|13.995|NA|0
ai031381.01|031381|20080131|20080522|39.788|5.131|129.465|0.328|41.509|21.063|4.803|52.349|0|0.13|46.175|0|17.445|87.956|3.273|NA|4.494|6.73|8.484|14.175|23.651|22.343|3.154|1.839
ai031587.01|031587|20080131|20080417|788.8|200.4|1787.7|189|988.4|81.1|791.9|250|0|1.04|147.8|641.2|405.9|799.3|94.7|NA|154.4|195.8|743.6|0|1298.6|382.9|3.6|0
ai031683.01|031683|20080131|20080710|639.465|110.475|737.088|13.406|113.508|5.358|211.585|200|0|1.47|14.977|611.488|416.709|623.58|13.444|NA|36.758|41.445|70.192|13.793|383.099|222.756|11.333|0
ai031849.01|031849|20080131|20080424|1506|550.3|2302.7|142.7|476.9|61|907.5|5.4|-7|1.1|40.5|1327.2|1467.8|1823.6|64.7|NA|125.1|156.4|638.8|NA|1347.1|38.2|10.4|0
ai061591.01|061591|20080131|20080313|1916.684|119.867|3779.426|124.847|1660.533|1193.347|309.053|250|0|0.3|663.422|60.102|1224.482|2118.893|101.823|NA|106.446|142.094|661.128|462.769|884.003|692.202|3.638|111.717
ai062093.01|062093|20080131|20080605|567.83|372.429|2436.005|30.047|414.523|35.65|503.579|1361.036|-0.047|-0.52|1698.894|290.507|593.095|1995.504|-27.478|NA|28.658|47.92|107.904|197.887|705.551|-25.265|35.306|NA
ai062396.01|062396|20080131|20080417|608.594|56.856|1414.986|13.618|503.841|280.231|373.648|95.64|-2.232|-0.83|113.109|0|431.237|902.072|-62.469|NA|-50.411|-33.663|232.454|168.788|476.737|177.357|NA|0.923
ai062396.03|062396|20080131|20080417|608.594|56.856|1414.986|13.618|503.841|280.231|373.648|95.64|-2.232|-0.83|113.109|0|431.237|902.072|-62.469|NA|-50.411|-33.663|232.454|168.788|476.737|177.357|NA|0.923
ai062571.01|062571|20080131|20080221|57.272|0.214|99.649|0.452|62.046|30.53|0.382|0|0|0.28|1.534|0|32.887|37.603|6.509|NA|10.036|10.581|2.233|20.497|26.138|24.385|0|4.75
ai062590.01|062590|20080131|20080710|317.731|93.845|553.747|33.097|237.519|3.283|255.833|122.769|0|-0.56|0|272.855|156.602|316.228|-12.458|NA|17.686|26.842|221.7|0|380.184|161.129|3.39|0
ai062667.01|062667|20080131|20080424|938.2|200.9|2415.2|167.4|702.9|232.5|497.7|914.9|0|-0.73|880.5|470.1|413.1|1695.1|-46.6|NA|-2.4|33.5|551|86.1|776.8|525.1|19|0
ai063057.01|063057|20080131|20080410|8.461|0.194|16.925|0.073|4.203|1.722|0.201|2.998|0|0.16|7.996|0|9.608|12.722|1.08|NA|1.31|1.552|0.174|6.044|5.842|-1.147|0.223|0.929
ai063281.01|063281|20080131|20080430|25.287|0.221|33.706|0.003|26.332|21.291|0.508|0.051|0.082|0.71|7.522|0|6.737|7.374|2.605|NA|2.733|2.795|0.787|3.411|6.284|18.55|NA|1.054
ai063447.01|063447|20080131|20080424|814.739|210.258|1186.228|100.178|656.974|275.595|267.335|18.724|0|0.6|53.139|232.159|388.291|523.265|55.189|NA|69.729|83.472|229.917|254.4|488.13|426.448|1.243|NA
ai063448.01|063448|20080131|20080430|8.347|0.312|11.467|0.093|11.039|7.562|0.05|0|0|-0.06|2.161|0.381|0.416|0.428|-1.553|NA|-1.577|-1.478|0.954|0.103|0.153|7.931|0|0.303
ai063468.01|063468|20080131|20080417|66.606|11.454|129.63|1.47|91.817|8.572|82.124|0|0|0.33|49.259|0|35.392|37.813|3.419|NA|5.235|5.937|8.73|50.746|111.957|31.214|0.053|NA
ai063621.01|063621|20080131|20080424|152.254|18.168|332.101|48.766|235.153|53.281|129.952|0|0|0.27|0|80.305|54.458|96.948|11.875|NA|18.964|29.273|171.931|0|220.694|97.796|NA|0
ai063640.01|063640|20080131|20080630|32.654|0.289|33.23|0.131|27.782|23.136|2.026|0|0|0.49|0|0|4.897|5.448|8.484|NA|3.264|3.471|0.333|3.629|9.325|27.757|NA|0.745
ai063643.01|063643|20080131|20080410|1140.255|151.798|2567.598|403.345|1618.313|648.53|353.791|0|0|2.52|0|333.153|543.113|949.285|216.756|NA|334.049|383.61|1318.291|53.801|1228.969|597.142|NA|0
ai063763.01|063763|20080131|20080424|165.987|64.125|216.734|16.376|119.055|10.933|99.005|0|0|0.26|0|141.406|76.604|97.679|7.606|NA|11.775|14.891|46.505|5.575|142.847|89.383|0.098|0
ai063874.03|063874|20080131|20080417|403.239|94.505|871.49|95.311|520.846|17.028|312.559|94.436|0|0.8|110.284|342.622|167.201|350.644|31.651|NA|52.316|66.114|329.709|0|473.01|236.038|1.744|0
ai063927.01|063927|20080131|20080410|630.906|171.914|1064.629|21.466|451.161|25.183|670.502|61.454|0|0.21|208.931|393.745|540.681|613.468|9.1|NA|19.572|25.054|210.925|185.747|830.656|90.225|5.059|0
ai063938.01|063938|20080131|20080605|135.339|9.636|217.896|5.768|165.402|82.625|22.859|0|0|0.49|30.349|14.315|49.103|52.494|12.03|NA|1.52|3.315|28.066|35.743|47.831|86.236|0.043|10.226
ai064027.01|064027|20080131|20080522|8.831|0.112|14.389|0.232|14.009|8.178|0|0|0|-0.05|0|0|0.38|0.38|-2.013|NA|-1.91|NA|5.558|0|0|8.451|0|NA
ai064304.01|064304|20080131|20080424|284.238|75.936|624.259|121.263|301.863|62.479|226.565|14.467|0|-0.19|0|139.993|168.488|322.396|-17.019|NA|-30.145|-14.899|328.991|6.56|345.543|115.75|0.312|0
ai064344.01|064344|20080131|20080331|479.591|127.929|2101.815|91.177|720.884|330.719|244.38|554.411|0|1.32|214.669|51.513|544.392|1352.126|51.316|NA|92.017|115.639|1365.237|44.756|360.019|-64.801|11.7|NA
ai064356.01|064356|20080131|20080313|1470.674|66.385|1913.416|6.666|889.061|1186.126|105.93|800|0|0.33|291.25|103.52|182.349|1024.355|28.807|NA|26.119|37.506|48.878|144.639|227.416|1288.325|7.358|35.444
ai064485.01|064485|20080131|20080625|6.134|1.448|7.613|0.206|3.547|1.464|5.269|0.339|0|-0.36|0|3.715|3.638|4.066|-4.45|NA|-4.526|-4.439|0.692|0.529|0.83|2.496|0.012|2.872
ai064606.01|064606|20080131|20080417|2053.021|30.631|2672.648|174.381|1758.11|1502.592|81.489|21.977|0|0.19|227.536|0|740.794|914.538|75.72|NA|87.537|97.688|194.867|395.89|440.892|1312.227|0.056|62.944
ai064630.01|064630|20080131|20080410|415.649|68.096|773.085|1.37|462.116|54.388|186.008|36|0|-0.52|263.178|82.487|216.27|310.969|-37.997|NA|-32.916|-26.507|41.515|63.337|240.442|199.379|NA|15.81
ai064848.01|064848|20080131|20080522|64.999|15.768|152.421|0.529|60.269|3.677|20.102|62.042|0.002|0.14|27.677|25.379|28.816|92.152|1.572|NA|2.998|4.209|56.615|31.875|31.452|36.183|0.582|NA
ai065076.01|065076|20080131|20080522|1.126|2.731|10.92|7.695|5.174|0.383|3.005|0.502|0|-0.01|0|0|3.626|5.746|-1.821|NA|-2.454|NA|8.439|0.197|0.551|-2.5|0.039|NA
ai065105.01|065105|20080131|20080424|1145.339|622.965|2046.519|89.857|980.492|97.314|2185.869|1.715|-0.489|0.81|0|877.466|946.434|1065.75|50.218|NA|84.931|111.546|874.453|115.228|2479.612|198.905|0.179|0
ai065226.01|065226|20080131|20080605|151.382|12.249|235.893|5.165|72.595|45.613|28.724|16.998|0|0.17|23.739|0|142.536|163.298|5.248|NA|4.718|7.285|42.45|83.027|75.298|8.846|0.337|10.694
ai065430.01|065430|20080131|20080424|510.876|80.807|997.537|199.766|472.233|82.076|420.232|0|0|-2.01|0|285.28|310.495|525.304|-58.493|NA|25.841|48.685|357.458|45.698|670.871|200.381|2.135|0
ai065550.01|065550|20080131|20080410|51.552|0.398|63.435|0.189|45.385|41.372|2.807|0|0|0.06|6.774|0|16.258|18.05|0.834|NA|1.87|2.631|0.453|7.285|9.932|35.294|0|1.239
ai065640.01|065640|20080131|20080424|NA|29.573|1519.91|NA|318.147|76.392|35.805|975.785|0|0.04|30.421|0|NA|1006.377|2.983|NA|18.667|19.676|1.487|18.143|54.472|NA|15.84|0
ai065702.01|065702|20080131|20080410|94.088|43.783|830.141|59.115|131.073|2.993|115.718|550.977|0|-0.18|174.163|3.692|106.632|699.068|-4.604|NA|8.479|29.106|488.845|61.652|141.359|-12.544|10.827|NA
ai065911.01|065911|20080131|20080424|22.62|0.824|89.66|1.066|53.065|8.132|3.909|24.209|0|0.03|44.85|4.23|12.128|36.595|0.331|NA|1.8|4.491|18.191|6.452|15.184|10.492|0.714|1.489
ai066646.01|066646|20080131|20080530|634.984|236.879|1138.69|34.772|164.538|16.52|215.894|462.286|0|-0.28|287.957|494.651|458.585|974.152|-12.298|NA|7.867|17.515|165.115|19.24|426.999|176.399|14.491|0
ai106486.01|106486|20080131|20080619|22.49|4.266|89.199|21.161|69.151|21.529|0|10.803|0|-0.02|0|0|5.932|20.048|-1.909|NA|-1.111|-1.082|65.019|NA|0|16.558|NA|NA
ai106589.01|106589|20080131|20080417|23.631|2.771|34.245|0.002|25.022|22.703|6.553|2.614|0|-0.06|4.804|0.383|6.609|9.223|-6.507|NA|-6.828|-6.535|1.927|0.103|0.018|17.022|0.059|3.469
ai111491.01|111491|20080131|20080326|291.063|47.92|1117.645|12.218|528.71|1.684|76.739|281.767|-1.22|-1.01|723.553|146.5|247.813|588.935|-20.262|NA|-24.871|-18.46|76.517|93.77|134.839|43.25|4.524|NA
ai111532.01|111532|20080131|20080710|190.767|76.364|260.221|15.256|101.808|3.982|104.755|40.616|0|0.55|0.391|171.958|113.039|158.413|5.819|NA|10.038|19.392|65.808|0|171.493|77.728|0.649|0
ai111873.01|111873|20080131|20080530|228.514|88.303|342.546|13.282|43.83|1.229|148.475|108.321|0|-0.39|0|200.386|126.004|298.716|-15.067|NA|-4.548|1.857|110.271|8.399|222.63|102.51|2.019|0
ai115757.01|115757|20080131|20080410|124.935|18.905|292.369|10.8|72.298|3.656|46.801|119.265|0|-0.04|107.494|51.439|69.408|220.071|-1.807|NA|0.131|3.275|49.477|49.871|66.565|55.527|2.355|0.521
ai116104.03|116104|20080131|20080424|333.122|101.277|535.596|80.618|140.322|131.51|224.962|125|0|0.41|0|158.525|195.073|395.274|24.957|NA|45.601|55.595|168.292|0|399.936|138.049|2.79|0
ai117768.01|117768|20080131|20080331|2888.829|492.099|3747.671|187.745|2617.912|1809.478|653.133|0|0|0.46|460.983|358.521|967.161|1129.759|256.993|NA|266.499|303.435|359.808|666.494|1202.73|1921.668|0.054|195.835
ai118267.01|118267|20080131|20080410|473.235|12.104|795.662|12.849|465.343|298.345|152.844|0|0|0.38|155.03|0|220.344|330.319|16.256|NA|21.18|23.992|31.138|139.965|212.091|252.891|1.248|NA
ai119474.02|119474|20080131|20080710|65.553|22.611|160.531|19.558|97.175|11.399|54.31|2.212|0|0.19|42.721|43.096|53.165|63.356|6.006|NA|6.376|8.465|51.901|0|92.777|12.388|0.199|0
ai120513.01|120513|20080131|20080508|70.223|10.717|148.416|17.087|103.331|21.3|39.237|1.397|0|-5.44|57.5|3.242|41.288|45.085|-73.56|NA|-2.148|-0.831|20.199|40.694|43.125|28.935|0.09|0
ai120774.01|120774|20080131|20080320|889.673|78.527|1858.795|17.178|1233.299|658.062|128.293|168.038|0|0.05|618.064|15.355|329.216|625.496|19.845|NA|54.922|85.81|208.807|152.364|347.849|560.457|1.521|58.206
ai121153.01|121153|20080131|20080410|94.614|2.125|157.817|1.689|149.308|63.496|2.316|0|0|-0.76|1.656|18.896|8.123|8.509|-19.67|NA|-6.177|-5.28|5.622|3.741|6.684|86.491|NA|3.769
ai122211.01|122211|20080131|20080605|125.417|13.025|175.232|1.942|140.826|33.076|55.945|5.218|0|0.39|9.666|50.56|23.11|34.406|4.6|NA|7.758|8.58|25.353|38.229|82.298|102.307|NA|NA
ai122315.01|122315|20080131|20080522|14.443|0.788|23.035|0.051|18.927|11.178|2.332|0|0|-0.17|0|2.082|2.89|4.108|-5.802|NA|-5.978|-5.522|8.007|0.15|0.573|11.553|0|1.487
ai122778.01|122778|20080131|20080417|273.595|37.749|611.637|101.647|194.999|117.519|183.402|166.25|0|1.01|0|124.432|131.295|416.638|24.999|NA|47.343|57.682|301.405|12.557|316.13|142.3|NA|0
ai122916.01|122916|20080131|20080522|16.764|2.971|17.903|0.068|5.614|8.244|11.152|0|0|0.1|0|1.915|11.287|12.289|2.702|NA|2.121|2.198|0.559|2.125|18.664|5.477|0.199|0.901
ai124394.01|124394|20080131|20080605|140.665|23.615|167.049|7.422|18.606|99.106|38.481|0|0|-0.06|12.782|17.748|110.006|148.443|-6.358|NA|-7.219|-4.544|11.349|20.019|74.118|30.659|NA|15.416
ai125358.01|125358|20080131|20080522|34.807|7.518|188.432|5.642|-17.299|4.905|21.734|124.083|-0.237|-0.08|105.007|0|43.18|179.738|-2.139|NA|1.343|6.559|37.876|19.857|38.903|-8.373|3.01|NA
ai125360.01|125360|20080131|20080320|844.977|10.789|1046.972|6.594|1003.034|782.738|18.201|0|0|0.03|30.275|14.329|36.404|43.938|9.696|NA|-1.075|2.021|20.113|40.878|41.451|808.573|0|11.49
ai126417.01|126417|20080131|20080410|266.075|37.1|542.717|17.693|165.296|113.533|65.022|150|0|-0.03|146.194|83.22|200.688|377.421|-10.637|NA|1.359|10.681|85.71|55.035|112.741|65.387|4.291|21.218
ai126554.01|126554|20080131|20080313|5070|303|7459|34|3173|3148|588|626|0|0.32|841|674|2674|4286|120|NA|134|183|801|726|1393|2396|30|181
ai126615.01|126615|20080131|20080410|222.342|9.384|334.541|6.651|218.171|167.092|17.925|0|0|0.28|97.663|0.197|94.262|116.37|10.49|NA|10.165|11.651|11.918|48.522|81.381|128.08|0|13.24
ai127282.01|127282|20080131|20080417|62.971|2.54|78.905|2.15|67.164|54.146|14.495|0|0|0.03|0|3.165|8.351|11.741|2.165|NA|1.733|2.088|4.154|3.973|21.898|54.62|0.089|1.017
ai127383.01|127383|20080131|20080508|43.145|8.932|76.44|0.619|56.531|8.417|18.01|1.147|0|0.05|26.283|8.03|16.535|18.517|0.383|NA|0.6|1.218|6.572|25.017|24.802|26.61|0.069|NA
ai133247.01|133247|20080131|20080430|5.361|1.293|30.039|8.7|28.579|4.609|0|0|0|-0.04|0|0|1.293|1.46|-2.787|NA|-2.222|-2.167|24.678|0.476|0|4.068|0|NA
ai133767.01|133767|20080131|20080515|76.08|5.712|202.351|5.509|56.624|24.735|96.775|75.156|0|-0.5|23.856|19.987|43.218|145.727|-31.815|NA|-20.618|-15.827|90.996|25.263|110.948|32.862|2.367|0
ai133769.01|133769|20080131|20091002|NA|NA|NA|NA|NA|NA|4.565|NA|0|-0.04|NA|NA|NA|NA|-1.771|NA|-3.899|NA|NA|NA|14.869|NA|0|4.378
ai137230.01|137230|20080131|20080424|NA|2.018|504.873|0|387.479|101.43|4.356|100|0|0.14|0|0|NA|117.394|3.347|NA|4.54|4.54|0|NA|8.896|NA|1.171|NA
ai137310.01|137310|20080131|20080417|1503.741|231.135|4550.594|113.462|3411.519|630.902|448.21|394.988|0|0|2314.348|419.494|583.212|1139.075|1.293|NA|-5.84|21.168|416.241|332.02|844.686|920.529|10.064|266.464
ai137704.01|137704|20080131|20080410|587.524|85.052|793.865|21.486|568.959|363.302|160.433|27.083|0|0.41|23.11|121.669|116.878|220.386|22.463|NA|25.294|28.798|85.537|91.586|224.921|470.646|NA|20.124
ai139526.01|139526|20080131|20080424|90.891|11.972|688.851|13.468|525.88|88.804|0|0|0|-0.18|0|0|11.972|162.971|-37.414|NA|-42.355|-42.071|597.96|1.369|0|78.919|0.001|NA
ai141001.01|141001|20080131|20080424|1252.135|603.709|2074.676|31.704|774.2|289.141|806.191|208.659|0|0.18|617.861|0|1008.856|1279.187|18.014|NA|35.978|46.361|154.123|865.019|1205.626|243.279|7.444|NA
ai145049.01|145049|20080131|20080410|1794.717|844.376|3775.891|175.569|1862.446|857.414|2181.51|574.473|0|1.18|1412.339|801.025|1260.557|1913.445|189.801|NA|293.151|326.563|511.669|30.554|2865.585|534.16|12.978|NA
ai147242.01|147242|20080131|20100417|294.051|49.434|1492.275|14.247|29.298|86.845|71.175|610|0|-2.54|1034.556|19.525|356.836|1169.314|-78.69|NA|-17.3|NA|36.315|116.427|158.712|-62.785|NA|39.961
ai147505.01|147505|20080131|20090221|0.635|0.411|2.851|0.088|-1.188|0.089|0.212|3.58|0|-0.16|0|0.46|0.459|4.039|-1.304|NA|-1.307|-1.278|2.145|0.015|0.302|0.176|0.018|0.327
ai147661.01|147661|20080131|20080424|284.687|99.369|514.169|82.306|197.276|111.927|356.33|0|0|0.96|0|136.488|197.387|316.893|64.735|NA|106.986|118.167|213.831|0|591.289|87.3|NA|0
ai147708.01|147708|20080131|20080417|58.047|2.742|128.895|0.436|68.403|1.667|65.645|13.106|0|0.05|3.982|12.352|40.948|60.492|0.732|NA|1.279|1.846|20.893|31.644|72.241|17.099|0.348|NA
ai148131.03|148131|20080131|20080522|0.51|0.414|0.55|0|0.123|0.049|0.565|0|0|-0.06|0|0|0.427|0.427|-3.364|NA|-0.531|-0.523|0.04|0.059|0.042|0.083|1.501|NA
ai148224.01|148224|20080131|20080619|22.282|7.082|67.559|4.764|24.04|0.16|33.258|4|0|1.1|0|18.062|29.348|43.519|7.348|NA|3.01|5.11|43.811|1.193|54.746|-7.066|0.43|0
ai148391.01|148391|20080131|20080710|57.934|15.786|122.132|14.835|42.57|5.82|95.429|0|0|0.08|0|41.246|41.352|79.562|1.49|NA|5.857|11.504|63.002|0|138.285|16.582|0.25|0
ai149477.01|149477|20080131|20080417|25.359|3.555|71.599|1.699|17.378|7.374|2.429|34.273|2.485|-0.02|38.069|9.012|19.778|54.051|-1.358|NA|-3.845|-2.841|3.702|7.25|7.146|5.581|0.589|4.691
ai150139.01|150139|20080131|20080417|1069.694|365.75|2035.635|172.366|888.52|50.307|816.811|204.929|0|0.66|384.404|887.364|761.948|1147.115|73.171|NA|124.651|144.136|555.523|62.035|1212.616|307.746|2.514|0
ai156614.01|156614|20080131|20080424|313.828|28.179|382.852|18.955|304.418|189.165|140.019|0.017|0|0.58|9.617|81.495|77.065|78.434|13.062|NA|19.813|22.833|59.253|36.1|225.332|236.763|NA|0
ai157855.01|157855|20080131|20080320|740.811|7.478|1089.593|43.552|452.059|450.843|40.163|0|0|0.06|10.065|0|605.917|628.591|7.379|NA|10.73|17.298|41.38|220.061|216.906|134.894|0.002|17.703
ai158733.01|158733|20080131|20080605|433.77|72.563|679.932|46.549|193.82|2.622|224.537|64.173|0|0.25|73.901|403.683|387.429|486.112|5.819|NA|11.89|19.709|168.685|10.992|317.604|46.341|5.696|0
ai160571.01|160571|20080131|20080605|232.53|77.177|488.456|75.464|239.961|73.734|256.458|19.5|-4.3|0.12|14.843|103.923|148.051|248.495|6.872|NA|18.964|29.127|239.557|18.523|359.413|84.479|0.634|0
ai160837.01|160837|20080131|20080320|91.253|34.156|112.602|2.215|69.351|5.637|108.297|0|0|-0.04|9.753|4.118|43.251|43.251|-1.249|NA|-0.967|0.096|9.71|NA|108.393|48.002|0.369|NA
ai162087.01|162087|20080131|20080424|11.56|6.178|118.837|0.05|42.757|6.867|2.655|57.74|0|-0.05|6.019|3.708|14.42|72.16|-5.301|NA|-5.719|-5.355|84.797|0.702|1.925|-2.86|0|NA
ai162733.01|162733|20080131|20080829|609.253|100.61|1546.609|5.383|549.885|209.31|131.02|547.211|0|-0.4|764.552|116.711|311.347|994.56|-33.498|NA|-10.829|-7.802|50.6|182.559|185.521|297.906|6.44|22.462
ai162988.01|162988|20080131|20080410|135.557|27.056|216.095|30.722|154.602|76.532|73.844|0|0|0.43|13.154|48.721|43.396|61.493|12.442|NA|19.338|23.533|65.937|2.108|126.606|92.161|NA|0
ai163051.01|163051|20080131|20080605|153.514|43.566|210.177|30.095|138.147|62.368|87.145|1.403|0|0.6|1.371|82.42|64.025|72.03|8.378|NA|11.046|14.534|52.207|0|134.571|89.489|0.097|0
ai163601.01|163601|20080131|20080605|451.622|114.595|693.882|98.95|433.48|131.806|251.747|0|0|0.02|30.421|262.037|168.905|260.402|1.078|NA|0.972|8.876|192.772|11.805|332.52|282.717|0.757|0
ai163627.01|163627|20080131|20080410|254.634|125.321|308.263|3.758|138.795|58.963|109.778|20.261|0|0.17|9.022|155.733|141.871|169.468|2.674|NA|4.547|6.14|34.712|32.707|133.798|112.763|0.233|NA
ai165123.01|165123|20080131|20080417|3237|491|4981|61|1901|1116|1992|1098|-4|0.25|1179|99|1832|3080|99|NA|171|194|393|1886|2337|1405|23|14
ai165179.01|165179|20080131|20080424|24.592|1.135|58.916|0.621|33.892|0.153|4.375|8.307|0|0|25.898|14.849|14.235|25.024|-0.054|NA|0.238|0.745|8.148|8.339|11.637|10.357|0.305|0.698
ai165798.01|165798|20080131|20080522|7.658|0.551|8.724|2.21|8.173|7.374|0.435|0|0|-0.13|0|0|0.551|0.551|-4.936|NA|-4.91|-4.861|1.066|NA|0|7.107|0|NA
ai166689.01|166689|20080131|20080410|550|70|787|2|533|329|102.7|0|0|0.53|19|68|195|254|32|NA|29.5|33.5|43|102|200|355|0|25
ai175395.01|175395|20080131|20080424|114.593|26.756|177.568|6.873|144.046|52.47|28.323|0.003|0|-0.03|40.315|23.834|33.158|33.522|-0.8|NA|-1.345|-0.255|14.482|30.345|40.294|81.435|NA|5.995
ai176362.01|176362|20080131|20080410|177.688|12.233|188.823|6.639|162.945|110.751|27.685|0|0|0.3|0|16.97|24.951|25.878|5.965|NA|7.953|8.97|10.256|43.881|48.535|152.737|0|3.664
ai176781.01|176781|20080131|20080410|162.122|1.732|173.19|3.155|124.006|113.291|11.725|0|0|-0.04|3.445|17.329|42.849|49.184|-3.478|NA|-4.37|-3.395|6.38|25.748|40.645|119.273|0|9.086
ai177570.02|177570|20080131|20080430|224.996|0.102|224.996|0|157.396|224.598|0|0.018|0|0.04|0|0|0.211|0.229|1.494|NA|-0.14|-0.14|0|0|0|224.785|0.002|NA
ai177654.01|177654|20080131|20080710|139.36|5.533|198.752|1.142|136.475|83.712|14.492|0|0|0.06|0|31.611|46.859|62.277|3.409|NA|1.938|2.885|5.467|19.999|39.526|92.501|0|7.142
ai178015.01|178015|20080131|20080424|97.906|5.2||29.676|112.034|53.339|45.425|0|0|0.22|8.124|39.092|35.822|42.739|14.609|NA|21.677|24.524|44.038|4.432|NA|62.084|NA|NA
ai178084.01|178084|20080131|20080424|2180.466|110.523|4853.763|342.113|1635.624|1307.112|291.726|1226.478|0|-0.29|728.36|571.204|341.953|2344.72|-59.661|NA|-38.569|13.2|1514.286|59.846|376.664|1838.513|12.403|NA
ai178593.01|178593|20080131|20080717|22.265|15.334|97.003|2.015|75.8|0.207|52.82|0.015|0.001|0.01|69.317|17.786|21.188|21.203|0.31|NA|0.534|1.079|4.979|2.163|75.989|1.077|0.225|0
ai178704.01|178704|20080131|20080612|228.944|52.122|469.413|101.866|211.503|3.789|201.416|74.77|0|0.24|0|176.109|111.905|257.91|13.604|NA|23.94|34.846|236.389|20.643|309.344|117.039|1.077|0
ai178973.01|178973|20080131|20080619|212.947|9.244|239.369|6.288|76.117|42.803|110.752|14.383|0|0.02|8.608|145.767|146.193|163.252|0.27|NA|6.15|7.052|16.022|22.061|135.161|66.754|1.532|0
ai260737.01|260737|20080131|20080508|109.378|1.372|111.838|0.24|106.112|106.082|1.914|0.189|0|-0.39|0.661|0|4.922|5.726|-3.993|NA|-4.601|-4.522|0.479|2.12|1.422|104.456|NA|2.117
ai264507.01|264507|20080131|20080410|92.859|55.151|655.487|5.163|186.641|0.51|28.862|351|0|0.61|501.721|0|78.425|468.846|18.247|NA|34.469|37.821|33.838|64.206|97.555|14.434|4.621|NA
