RowHeader|Beta
ai001004.01|-1.40638838850025593707
ai001045.01|0.40984469436191750535
ai001050.01|-0.57933812865836831207
ai001062.01|-0.67539957926463844995
ai001072.01|-1.15319317658553566197
ai001075.01|-0.54024199012037721346
ai001076.01|-1.01759739618412736739
ai001078.01|-0.45859093552821517115
ai001084.01|-0.24217169894442269751
ai001094.01|-1.08962356657362691159
ai001104.01|-0.29756515876291173006
ai001109.01|-0.71577707635259912866
ai001117.02|-0.66871743090166402279
ai001119.01|-0.97442765548046872404
ai001121.01|-0.86933698654249358384
ai001161.01|-1.91420551915517389574
ai001166.01|-1.94798624995481417521
ai001173.01|-0.69312322103016599240
ai001177.01|-1.00351969685022979206
ai001186.01|-0.44542313218986379075
ai001209.01|-1.00615389188955384192
ai001210.01|-0.19447703594361884227
ai001225.17|-0.02704520466257019987
ai001225.18|0.00334506285512877269
ai001225.23|-0.03307097831239715069
ai001228.02|-1.35349466620743097423
ai001230.01|-0.70282210068591688401
ai001234.01|-0.67506909812595461418
ai001254.01|-1.71988234856489352609
ai001257.01|-1.15908990997836736092
ai001259.01|1.19490305207100844243
ai001266.01|-0.68263737782665334652
ai001274.01|-0.48750023312544688014
ai001297.01|0.69174633164609633518
ai001300.01|-1.19248261058962934378
ai001327.01|-2.05334685007656458922
ai001331.01|-1.52605052197359114530
ai001352.01|-0.68799084543033373063
ai001356.01|-1.59684431512998936675
ai001356.02|-0.09896819766100573013
ai001380.01|-1.59102455593114311405
ai001382.01|-1.07360777267362261789
ai001393.01|-1.28125542957652371889
ai001408.01|-0.77310704222357484738
ai001410.01|-0.96690461085924317430
ai001414.02|-0.71795711034039411125
ai001417.01|-0.09563446053558243010
ai001439.01|-0.78941378101177872573
ai001440.01|-0.38392954484645069879
ai001441.01|0.07667266405074801838
ai001447.01|-0.99669987446482322113
ai001449.01|-1.42186200279069785424
ai001468.01|-0.66421910782413540186
ai001487.01|-1.55444277126751084772
ai001487.11|-1.90231268821316845674
ai001507.01|-0.28546703741950518740
ai001526.01|-0.40060202455059096271
ai001533.01|-0.75522404055509451126
ai001545.03|-0.94167404801587117902
ai001554.01|-1.19816508521585918245
ai001559.01|-0.12365385362778123779
ai001562.01|-1.30710234139300585099
ai001585.01|-1.04376960452613776198
ai001598.01|-1.28566812175121181205
ai001602.01|-0.40798532385639274533
ai001606.01|-0.27917580218783055734
ai001611.01|-1.19940863491702165433
ai001613.01|-1.57284481519374819136
ai001618.01|0.26490807718604730825
ai001627.02|-2.71237222999874916241
ai001632.01|-1.17570255784047783543
ai001633.01|-0.88494454933110500150
ai001634.01|-0.94172510319142754831
ai001635.01|-0.87205861291357955611
ai001650.01|-2.21364138053769243797
ai001659.01|-1.01184411586575873088
ai001661.01|-2.34871391530059669961
ai001678.01|-1.58793423072599648727
ai001678.06|-1.04954704358099060180
ai001682.01|-1.60524379593527743992
ai001686.01|-1.42480841400838964539
ai001690.01|-0.95978423927423228701
ai001704.01|-1.44394843400735295447
ai001706.01|-1.64014107778182771646
ai001712.01|-0.81595815759634315878
ai001718.01|-14.21926189292948627951
ai001722.01|-1.07651792090824938164
ai001728.01|-0.56058445977857562781
ai001743.02|-1.66010749096802490143
ai001773.01|-1.67445829488466446655
ai001783.01|-0.88184198322356943667
ai001794.01|-1.54015664815616992733
ai001820.01|-0.20342716606589111850
ai001823.01|-1.19050428745218872528
ai001823.02|-0.28231845546744471775
ai001837.01|-0.59076672592973522580
ai001860.01|-1.56423041112988614465
ai001864.01|-1.29204725506179118888
ai001878.01|-1.75800610965619430459
ai001891.01|-0.85505150038582034000
ai001906.01|-1.71791578402871558673
ai001913.01|-0.94389631001248353037
ai001919.01|-1.45049483934249212602
ai001920.01|-1.09630233921559350208
ai001926.01|-1.18442165252819053833
ai001932.01|-0.33239730465409250693
ai001932.90|-0.54272471875761485460
ai001949.01|-0.21329921943862004130
ai001951.01|-0.61905951788811175440
ai001968.01|-1.15891238445818900438
ai001974.01|-0.71418765228921632371
ai001976.01|-1.60329507110618085797
ai001979.01|-0.92962946613888552960
ai001982.02|-0.72925720946771066533
ai001988.01|-0.77768903259070454315
ai001995.11|-0.06168166595451393674
ai002002.01|-1.61678297308399976373
ai002002.03|-0.07922228790617411032
ai002002.04|-0.13516561335446472536
ai002005.01|-0.99842860505613462152
ai002019.01|-1.38138428241671329388
ai002019.04|-0.20653708181509378150
ai002025.01|-0.90628557375084961567
ai002025.06|-0.03460387022391677586
ai002044.01|-0.62479300574422591552
ai002049.01|-1.27192406904612553831
ai002052.01|-0.67494598103613490103
ai002055.01|-0.68466438215591207683
ai002061.01|-0.96215984372527163515
ai002073.01|-0.67631738694370502341
ai002080.01|-0.56758553965527924756
ai002086.01|-0.75859896356494782577
ai002101.02|-1.30414686463730733479
ai002111.01|-0.63968382035817217268
ai002113.01|0.26160468391050206716
ai002124.01|-1.36931427021523877130
ai002124.03|-1.76352419930600601283
ai002136.01|-0.51970448749047970516
ai002137.01|-0.40769194132133346198
ai002138.01|-0.64730719268384040443
ai002150.01|-1.90061358303440064432
ai002154.01|-0.55958932292796226271
ai002176.01|-0.70489443466671952709
ai002176.02|-0.78525395148848897708
ai002184.01|-0.60287977422571115138
ai002220.01|-0.77929760875364795236
ai002222.01|-2.37872038116819384257
ai002237.01|0.45343162119657565157
ai002240.01|0.13190918695845427200
ai002259.01|-0.61659265956753106508
ai002269.01|-0.66852733230605010384
ai002270.01|-1.28712665970657602621
ai002271.01|-1.17199799231690837686
ai002282.01|-0.99212520900597556128
ai002285.01|-1.06918928879761265804
ai002290.01|-1.73750322254651479170
ai002295.01|-0.98419328542132000770
ai002312.01|-1.52044142541332494289
ai002337.05|-0.79560206420504719915
ai002338.90|-0.83284506393798984902
ai002340.01|-1.91392291431884409292
ai002352.01|-1.28273877546909043090
ai002369.01|-1.01197126553384286751
ai002381.01|-0.20352866941914427024
ai002390.01|-0.05517840931037545915
ai002393.01|-1.38885101404512245615
ai002403.01|-0.34447978981688831546
ai002408.01|-0.11303270207374130352
ai002410.90|-1.19588465418894163150
ai002411.90|-0.95960438413931481438
ai002435.01|-0.58988704316295825780
ai002435.02|-0.47711194864212458366
ai002436.01|-1.62297517526727341775
ai002444.01|-2.02306867019246494621
ai002448.01|-1.91460030922593538172
ai002467.01|-0.36569689236998126347
ai002497.01|-1.56985786171331787031
ai002504.01|-2.36383896956407957290
ai002504.03|-1.54852756922371637138
ai002526.01|-1.03819078985638624246
ai002536.01|-1.10115800589397672127
ai002538.01|-1.43627758942093319838
ai002547.01|-1.00597993428782217507
ai002555.01|0.98854604504533216680
ai002556.01|-0.98246446067949255720
ai002558.01|-1.03912839789190014628
ai002573.01|-0.78257941105980965979
ai002574.01|-1.26921836222579420550
ai002577.01|-1.47934963552705522893
ai002581.01|-1.05151085827818602247
ai002586.01|-1.12693560593950481419
ai002593.01|-1.77978091028487583891
ai002595.01|-0.10936954946406533817
ai002596.01|-1.03139458255087124172
ai002615.01|-0.75261828094744465112
ai002628.01|-0.53886782091496454594
ai002644.01|-0.48413550826544637928
ai002662.01|1.22679392975932355370
ai002663.01|-0.26902673238540925071
ai002675.01|-0.86159744570790020024
ai002696.01|-0.95912089106462938837
ai002697.05|-0.06129499570459921026
ai002698.01|-1.10368785897011711938
ai002703.01|-0.42901260910880695265
ai002710.01|-0.96911164137439098631
ai002710.02|-1.06347126311992346004
ai002721.90|-0.59327726627548349470
ai002751.01|-0.84324680851343791765
ai002771.01|-1.61065323472440447006
ai002787.01|-1.73366311050228683044
ai002802.01|-1.42768232723545018814
ai002807.01|-0.84002619295749536565
ai002811.01|-1.79259113203913256207
ai002812.02|-1.12271519517647444530
ai002817.01|-1.53970103689555659621
ai002818.01|-1.13167865232083175719
ai002820.02|-1.55057566840532379260
ai002829.01|-0.51044193812886906603
ai002831.01|-0.10452777170838925547
ai002851.01|-4.88933906299727460976
ai002856.01|-0.44031858511469523787
ai002859.01|-0.56001164531821312487
ai002884.01|-0.62884086663777305493
ai002903.01|6.58672027988400365928
ai002940.03|-0.82984833010014602550
ai002942.01|-1.43090220961999525784
ai002951.01|-0.60183543692973739958
ai002953.01|-1.51109670461603040614
ai002960.01|-1.05695004280401616548
ai002968.01|-1.45633965766633166616
ai002968.21|-0.05719219365973880753
ai002968.54|-1.86796371423833251768
ai002968.57|-0.09160026632477134834
ai002986.01|-0.44618794541623868488
ai002990.01|-0.53929209739179662098
ai002991.01|-1.08061678760820334411
ai002999.01|0.10330158268042891057
ai003007.01|-0.79891136830279874115
ai003024.01|-0.59622468937973405190
ai003026.01|-0.32136981357030464101
ai003028.01|-0.75356934483091775334
ai003031.01|0.63049896483328249364
ai003036.01|-0.96257967502728092324
ai003036.03|-0.20227672705188542990
ai003062.01|-1.17233165882192791329
ai003071.01|-1.31910739811050814474
ai003082.01|-1.30841118097328390490
ai003082.02|-0.35450158480092403002
ai003093.01|-0.96242843731099503302
ai003105.02|-0.39774687549276455112
ai003107.01|-2.22443610920894307981
ai003121.01|-0.37622682858486755642
ai003129.01|-0.48600531807138247498
ai003134.01|4.09223194641377929770
ai003138.01|-0.60066844172938982371
ai003144.01|-0.54402946227226323117
ai003153.01|-1.47659360182439325371
ai003156.01|0.89878382959459224288
ai003157.01|-1.64051913490747836022
ai003158.01|-1.35006462207250210739
ai003170.01|-0.43038223104871692337
ai003184.01|0.39754818293974786281
ai003184.02|-0.44908433398177871609
ai003203.01|-1.34040134826629886433
ai003218.01|1.88514666909023165253
ai003221.01|-0.81178591675240696635
ai003226.01|-1.08264993497406258882
ai003226.02|-1.05286332554130090955
ai003226.05|0.07048618043807527989
ai003230.03|-0.40310358834697918029
ai003231.01|-1.43468474997809392057
ai003231.03|-3.04811375272258633373
ai003238.01|-0.83132648727943414535
ai003240.01|1.63322089743922194138
ai003243.01|-1.99715797787544757647
ai003243.22|0.08836639981540687916
ai003243.23|-0.19979653476923245337
ai003243.26|-0.10764198482615217056
ai003243.30|-1.71896077005992320430
ai003243.31|-1.67020963416821532910
ai003246.01|-1.74329629918837514246
ai003270.01|1.23235668245187568459
ai003275.01|-1.37201670751020987638
ai003278.01|-1.72351600465974730270
ai003288.01|1.69860400353367846371
ai003310.01|-1.05990614436086860728
ai003336.01|-1.24346955427133520899
ai003342.01|-1.24761087930196312712
ai003358.02|-1.01832947636092274735
ai003362.01|-0.40982721120846149487
ai003369.01|-0.50019977817767424799
ai003370.01|-0.14765306163001587492
ai003382.01|-0.56335871155953498590
ai003394.01|-0.41025152381149088132
ai003399.01|0.12000479194653043691
ai003410.02|0.51324381666400054058
ai003413.01|-0.20622649542280893642
ai003416.01|-1.69111766409219055340
ai003424.01|-0.95431527135179516907
ai003429.01|-0.67012741083956439692
ai003439.01|-0.48701774607543424356
ai003451.01|0.00150427494220644123
ai003465.01|-0.53882483814815407275
ai003469.02|-1.75938426001343373173
ai003502.01|-1.59566238754538192168
ai003504.01|-0.81359646756733050577
ai003505.01|-0.65668122862202238377
ai003532.01|-1.01235111163040958360
ai003556.01|-1.03478952447838801199
ai003562.01|-1.23901400895802682456
ai003562.02|-0.06245443507713721587
ai003562.03|-0.17188273200045878220
ai003570.01|-0.81030855045295546724
ai003580.01|-1.33472332177851171764
ai003581.01|-2.19728267298398227680
ai003581.02|-1.48559124715731472044
ai003607.02|-1.90649545889430460655
ai003612.01|-1.26084021216147701416
ai003619.01|-0.78206318819302578227
ai003622.01|-0.37412944714783313849
ai003639.01|-1.20000896318596028678
ai003640.01|-0.54554719967089038146
ai003643.01|-0.86983359084446387754
ai003647.01|-1.12113762884503387340
ai003650.01|-1.78341312680344721286
ai003662.01|-1.23962031772083580705
ai003691.01|0.75682266129106734454
ai003707.01|-0.95532743918010543105
ai003708.03|-0.60618266686936350673
ai003734.02|-1.97380533411106462438
ai003735.01|-1.13096539545161811624
ai003761.01|-0.81731634494530536195
ai003785.01|-0.06977107983779967659
ai003806.01|-1.61045854504165553145
ai003807.01|-0.21965576532075242744
ai003813.01|-0.44369527530713348540
ai003820.01|-1.60193821076558018390
ai003835.01|-1.24396783854514714207
ai003839.01|-1.00116592073625754189
ai003851.03|-0.78641634072316435322
ai003855.01|-0.19778404719325592964
ai003863.01|-1.36042768649898437872
ai003897.01|-0.54061993835411303877
ai003905.01|-1.04409770049921624135
ai003937.01|-0.98973206848014871895
ai003946.01|-1.13683439601945113218
ai003962.02|-0.26922511733432913372
ai003964.01|-0.96822431117103335829
ai003969.01|-1.75334654718562288345
ai003980.01|-1.15559492343730729758
ai004001.01|-0.33552962664638164014
ai004016.02|-0.37701504184047657242
ai004029.01|-0.32815711807353958873
ai004036.01|-1.11043316138042502672
ai004040.01|-1.20446708165029692239
ai004045.01|-0.46801332942230566836
ai004052.01|-1.49038119071003904992
ai004052.02|-0.11707806584703361885
ai004058.01|-1.38537686107301571958
ai004060.01|-1.63197854550417686958
ai004066.01|-1.25192307828214732801
ai004072.01|-0.98656330495877497810
ai004087.01|-1.19920928626125267158
ai004087.02|-0.07317693533244459814
ai004087.03|-0.07281178838349373905
ai004090.01|-0.42191552693037515098
ai004091.01|-1.02817263151927273945
ai004093.01|-0.29938738653880070384
ai004094.01|-0.84412939161571498570
ai004108.01|-1.54519498293462809180
ai004115.01|-1.81746364085456946214
ai004124.01|-0.34507255170185918702
ai004127.01|-0.91914535916796424875
ai004128.01|-0.95213592247068712382
ai004130.01|-0.73535414381783603677
ai004145.01|-1.28563753867173602430
ai004156.01|-0.22909672171049738632
ai004175.01|-0.51374684413071169953
ai004186.01|-0.17211471344885800883
ai004193.01|-1.01294554495986699472
ai004194.01|0.59235573368829141927
ai004199.01|-1.53806564057220862551
ai004201.01|-1.43314922732600535937
ai004213.01|-0.74915058497435649265
ai004225.01|-0.09220888957168746347
ai004241.01|-0.39372992278454282955
ai004245.90|-0.89637680213155712661
ai004273.01|-1.07522969022452041798
ai004274.01|-1.43395398510831562078
ai004275.01|0.11070350431225603471
ai004292.01|-0.13676229841940179544
ai004311.01|-0.56996272430384964380
ai004321.01|-1.17043283718905755109
ai004322.01|-0.38103386755101609218
ai004331.01|-0.57049354023716014606
ai004340.01|-1.52592034034280632504
ai004341.01|-0.84766034613281526777
ai004351.01|-1.34398366271631175550
ai004367.01|-1.92723256441648316262
ai004383.01|-0.43087367431879008972
ai004384.01|-0.36038120261639816633
ai004390.01|-1.30306291798205675647
ai004409.01|-1.09050867764613657052
ai004412.03|0.34747995340013221321
ai004415.01|-0.08645810134831728722
ai004418.01|-1.85243941006071999311
ai004423.01|-0.95946636173407173764
ai004430.01|-1.13029336449730077874
ai004439.90|-1.43573152912780410695
ai004448.01|-0.01970732174584068075
ai004450.01|-0.40898554374971091141
ai004460.01|-1.18296744769881456705
ai004462.01|-1.23600630797565269603
ai004467.01|0.27962705685978461734
ai004476.01|-0.90538820704528499839
ai004485.01|-0.06868851832250391642
ai004494.01|-1.28355626542721235062
ai004497.02|-1.75815025779110567505
ai004498.01|-1.26604108154987837764
ai004503.01|-0.99861598151026442771
ai004510.01|-1.46460768002077701411
ai004517.01|-0.42403844948608138132
ai004517.05|-0.22166719007730012470
ai004542.01|-1.74928740524929704492
ai004560.01|-0.45376296904618762529
ai004572.01|-0.70423710175586173854
ai004579.01|-1.03671808047372615569
ai004598.01|-1.10001204158976362280
ai004599.01|-0.79218620600353528705
ai004600.02|-2.11220713440299379116
ai004601.01|0.26925776969970938168
ai004601.06|-0.05177740017559406827
ai004601.07|-0.01665908227460405344
ai004601.08|-0.04301532182695250173
ai004601.09|-0.15993781489289021769
ai004601.13|0.51023064925907002376
ai004601.14|0.54489417204556855889
ai004601.15|0.72406379564400746851
ai004601.18|0.32131304864828319490
ai004601.19|0.35191893423797881990
ai004601.20|0.02096001552464477058
ai004601.21|-0.16929107053632341806
ai004601.24|-0.03228284251658636306
ai004605.01|-0.59679797181184823796
ai004608.01|-1.67504438032495550637
ai004611.02|-1.10900761103363243443
ai004622.01|-2.28699789502871198010
ai004632.02|-0.94502079816237150034
ai004640.01|-1.22862490827214543287
ai004640.02|-0.58458821809361083410
ai004645.01|-2.05721320565192655749
ai004669.01|-2.02844525204472692081
ai004674.01|-1.82837875022102647193
ai004674.03|-0.27836065502140705519
ai004678.01|-1.23347068680737481650
ai004681.01|-0.02955435667801548094
ai004685.01|-1.11359562536242306940
ai004690.01|-0.97705204339687345971
ai004699.01|-1.10323260913410403639
ai004699.02|-0.24269619246657592182
ai004699.03|-0.01661978483055297912
ai004699.04|-2.88767483517219680778
ai004723.01|-1.12947115813830123443
ai004723.04|-0.19896154779657040934
ai004723.05|-0.08417944667308875639
ai004723.06|-0.07669029432997938323
ai004723.07|-0.23929193885135680020
ai004723.08|-0.17966482419770560264
ai004737.01|-1.39650991888046638323
ai004740.01|-1.15138654002545370858
ai004740.03|-0.23812223098581930536
ai004758.01|-0.33690175895323259958
ai004759.01|-0.41817639647184151608
ai004771.01|-0.21458139743985032988
ai004807.01|-1.69088438656679795891
ai004809.01|-0.23275987271125181399
ai004818.01|-1.51301014581574166940
ai004826.01|0.01971789929815570552
ai004839.01|-1.31545455847472614330
ai004842.01|-1.45904309586355362960
ai004842.02|-1.38339198932219864524
ai004842.03|-0.06352379070057637134
ai004843.01|-0.67525900937154881287
ai004844.01|-2.17327747366441670351
ai004853.01|-559.92938721409620939085
ai004860.01|-1.80214010959995851735
ai004864.01|-1.89137543902067095658
ai004878.01|-1.40132617438229267748
ai004881.01|-1.36283986525682343505
ai004885.01|-1.35047881498514987797
ai004900.01|-0.85549231992335605934
ai004903.01|-0.96678254099832261481
ai004911.01|-0.39317769578670258568
ai004918.01|-0.50269709312490440389
ai004925.90|-0.69829280095422119334
ai004926.01|-1.29515608041463403666
ai004936.01|-1.36908072029472327458
ai004941.01|-1.31603190480202569823
ai004973.01|-0.68523721845668950081
ai004988.01|-1.37296122215625993057
ai004990.01|-1.05938299625824927652
ai005018.01|-1.20792325048749660255
ai005024.01|-1.03499248790583120439
ai005024.03|0.01774459133351884155
ai005043.01|-1.04533794232966226190
ai005045.01|-2.64023859561954399311
ai005046.01|-0.93686159826258053052
ai005047.01|-1.20965444617837136754
ai005050.01|-0.46902521636053973175
ai005071.01|-0.21226332173681966564
ai005072.03|-0.58823289615508222994
ai005073.19|-1.26762775547324202385
ai005073.20|-1.03358939735114629954
ai005073.21|-2.18376815452067063461
ai005073.22|-1.82464067732406864941
ai005087.01|-1.69779547827856536202
ai005109.01|-1.25814498616028846989
ai005116.01|-1.45072216031164691330
ai005125.01|-0.82761647603080434887
ai005135.23|0.05275201751618260188
ai005135.26|-0.03857181548836619706
ai005149.01|-0.80632281480906731197
ai005165.01|-1.20205673176188110318
ai005179.01|-0.76434817356091055984
ai005180.01|-0.40583698974662463232
ai005180.90|-0.47437660765088729420
ai005205.01|-0.38333421764099223639
ai005210.01|-0.00818997223481196350
ai005218.01|-1.18745952822569300622
ai005234.01|-2.04030755397720620081
ai005234.02|-1.41699345854305880366
ai005237.01|-1.53246737631731910767
ai005241.01|1.43284867652338610000
ai005250.01|-1.66591961173273128693
ai005252.01|-1.57311181950719314315
ai005254.01|-1.15419536332110439503
ai005256.01|-0.97229011302239787273
ai005284.01|-1.50143760173469242858
ai005284.02|-2.07170674559869105735
ai005313.01|-0.56880889379660704019
ai005327.01|0.12420083652982627509
ai005336.01|1.82641475182707635483
ai005338.01|-0.83244256965924667835
ai005338.02|-0.76287051538105654647
ai005342.01|-1.38482329546392413100
ai005357.01|0.63101279061195847397
ai005379.01|-1.53253247979322693162
ai005385.08|-0.03331645411852979244
ai005395.01|-0.29466032930281887969
ai005404.01|-0.34171060415995629933
ai005439.01|-1.92695382743853826923
ai005442.01|-0.57272694120814759966
ai005457.01|-0.08529855532245696204
ai005475.01|12.30776560142880704518
ai005492.01|-1.27896707652908503405
ai005496.01|-1.64879783099152477099
ai005505.01|1.23305245100487725907
ai005513.01|4.23592068149963019152
ai005518.01|-0.57370848618713210509
ai005520.01|-0.30931642010583720870
ai005523.01|-0.73615915561913958243
ai005526.01|-0.54778064636267309595
ai005530.01|-1.37687950769195932565
ai005539.01|-1.03010831390641999228
ai005543.01|-0.69226433437246059910
ai005543.06|-0.42997454483993746699
ai005543.07|-0.01108659358353138516
ai005559.04|-1.13454289344931980033
ai005560.01|-1.72773555596001537893
ai005560.02|-0.03961382382763043580
ai005567.01|-1.32954784566703576587
ai005567.02|-1.15467146763397732201
ai005568.01|-0.35773405016436193860
ai005568.02|-0.11019880108344759506
ai005572.01|-1.15573383637377080646
ai005581.01|-1.87686336132398090548
ai005597.01|-0.34923199054965348154
ai005600.05|-1.86787700279312773866
ai005606.01|-1.15425564403524716361
ai005608.01|-1.37647796928031840302
ai005639.01|-1.24143757289426415191
ai005643.03|0.00000000000000000000
ai005650.90|-0.99365612760000732173
ai005667.01|-1.52797111875331204089
ai005671.01|-1.56931822857427061280
ai005680.01|-0.92513023364324509235
ai005681.03|-0.24922650266429546839
ai005690.01|-1.49304635491239645617
ai005691.90|-1.08611645493727126954
ai005697.01|-1.15245398252927877536
ai005709.01|-0.39211563068153260092
ai005723.01|-1.76450922462016812631
ai005742.01|-0.47635623552011041593
ai005750.02|-2.30340754679983383824
ai005750.04|-1.56320275215341641939
ai005763.01|-0.59049716779435323932
ai005763.02|-0.78612329760056942618
ai005763.04|-0.06160121456559325415
ai005763.05|-0.04040420792264353550
ai005763.07|-0.13024523388632300303
ai005764.01|-1.20463102199351923538
ai005764.02|-1.19188707076490052472
ai005783.01|-0.85683269779340021088
ai005786.01|-1.42450757619045909053
ai005786.02|-0.14275783048312712387
ai005788.01|-1.70510632871810674516
ai005791.01|-1.40907086393648572908
ai005792.01|-1.08806671495052498244
ai005831.01|-0.66120004981908042652
ai005835.01|-0.12751476025188857033
ai005837.01|-1.65334161323887163242
ai005849.01|-0.60393675968357063422
ai005860.01|-0.89091769419659616602
ai005862.01|-0.82474804126590406383
ai005870.01|-0.65300484827998894755
ai005878.01|-1.19211165822899167743
ai005888.01|0.27774967476414536005
ai005902.01|-1.53514230461463263566
ai005903.03|-1.23581783181742377309
ai005918.01|-0.45932626308720336805
ai005959.01|-1.56107272989884093839
ai005973.01|0.05866697765384373819
ai005978.01|-1.79736405625589812374
ai005987.01|-1.72444284935596758856
ai006003.01|-1.70338005764339839310
ai006008.01|-0.94441750036206884023
ai006013.02|0.59253322352661763617
ai006014.01|-16.12228760187184306574
ai006024.01|0.02859274721109921619
ai006025.01|-1.94324804437877229901
ai006034.01|-1.75170629696292734501
ai006040.01|-0.31517395796319708223
ai006066.01|-0.79472580573956341787
ai006078.01|-0.77880617582059163961
ai006081.01|-1.65503695987366805653
ai006097.01|-1.08345205645620734636
ai006100.01|-1.37615266899954136193
ai006104.01|-1.30820605379032262050
ai006109.01|-1.87708921079445012481
ai006115.01|-1.04320618399747200300
ai006116.01|-0.55556009880328138806
ai006116.02|-1.07601429200649056916
ai006130.01|-0.82752481611266182071
ai006135.01|-0.58433329910791087514
ai006136.01|-1.74634027885828024829
ai006158.01|-1.29347525510160021867
ai006185.01|-0.21444768789099744044
ai006193.01|0.52743731882878830408
ai006194.01|-2.33722158876275809547
ai006196.01|-1.57740635181099908557
ai006213.01|-1.80084673641388448573
ai006214.01|-0.03194177265130264398
ai006215.01|-0.69599718353581363495
ai006216.01|-1.23816007053166798890
ai006223.01|-1.22316259036046171005
ai006233.02|-0.67322357124362552927
ai006266.01|-0.42080887872874872535
ai006268.01|-1.44342093528994031004
ai006304.01|-1.42226116739523256172
ai006307.03|-1.77469672316514315291
ai006308.01|-1.44144915513465488033
ai006310.04|-0.48070096132964890145
ai006310.05|-0.82959458619411852176
ai006311.01|-0.48679658957706550826
ai006315.01|-2.77040507209626740703
ai006315.02|-3.96310916642334820637
ai006326.01|-1.38714563277455127377
ai006331.01|-1.79861027963281161490
ai006333.01|-0.64653181404260429144
ai006334.01|-0.58175431737473271010
ai006334.02|0.12061537777779317293
ai006334.05|0.04538577580549089940
ai006334.06|-0.11146276501270697967
ai006335.01|-1.56522318417599715090
ai006335.02|0.07095866084527904794
ai006338.01|-0.45732001655431353537
ai006349.01|0.55840849678654913557
ai006357.01|-1.15947885708188569431
ai006375.01|-0.30342957540945680872
ai006379.01|-1.77049218027581001245
ai006386.01|-1.68252647980308167597
ai006410.01|-0.32814946862370930614
ai006416.01|-0.70334355530952474833
ai006424.02|-0.35146203422828176111
ai006428.01|-3.87676476422616378414
ai006433.01|-1.37641987802444631939
ai006435.01|-0.30892417196082883057
ai006461.01|-1.07319348175772533160
ai006497.01|-0.20588287416397946239
ai006500.01|-0.71651915692984635697
ai006502.01|-0.40735733133469631539
ai006506.90|-0.72621421729519342048
ai006509.01|-1.61836760518217559479
ai006512.90|-0.76264861933591021614
ai006522.01|0.41551528264119702571
ai006527.01|-1.20361917981871968664
ai006528.01|-1.97940959329914289988
ai006529.01|-1.41612481464731354563
ai006532.01|-1.81759545763861307677
ai006543.01|-2.14957335246865266498
ai006547.01|-0.42281925124125802062
ai006565.01|-1.44242369771800227340
ai006573.01|-0.60149687299042220445
ai006574.01|-0.60364714598363689024
ai006588.01|-5.39230303002907263021
ai006608.01|-1.05020366331992720532
ai006617.01|-0.86025861733838770995
ai006619.01|-0.26915064772731400744
ai006639.01|-1.08641284488008005304
ai006649.01|-1.14861191776070215020
ai006653.01|-1.28401917240267549047
ai006661.01|23.54946249555938564413
ai006669.01|-1.37833990260174643616
ai006669.03|-1.44333990227347586099
ai006682.01|-1.73511091692544816567
ai006692.01|0.07389173233599667656
ai006694.01|0.18839189630389874264
ai006730.01|-0.49774432784886579739
ai006733.01|-1.19757053675147351335
ai006737.01|-1.44775035500018667278
ai006742.01|-1.98001784043761897003
ai006742.06|-2.61454589302571882570
ai006768.01|-2.13159042915570662302
ai006771.01|-0.53692707415921525627
ai006774.01|-0.51866219583644790347
ai006781.01|-0.91212920213612669329
ai006788.01|-1.11997079016793144035
ai006791.01|-0.73324082665963241645
ai006821.01|-1.89851698695424353502
ai006829.01|-0.80167119321043645019
ai006831.01|-1.12169290901644602698
ai006836.01|-1.70838628171567563641
ai006845.01|-1.61436872590027835628
ai006848.01|-0.83201859120483223631
ai006862.01|-1.90346996436290294419
ai006865.01|-1.64584545825782924133
ai006867.01|-0.77551230338902343853
ai006873.01|0.20900209392310767353
ai006900.01|-1.28713382634664808002
ai006930.01|-2.06197476232198706469
ai006932.01|-0.47105862374988138885
ai006936.01|-1.04103396690816918380
ai006946.01|-1.49702954335889359960
ai006972.90|-1.14687424996411446720
ai006994.01|-3.11341375906385309236
ai006995.01|-0.65469882928724487670
ai007017.01|-1.53565665647659832516
ai007022.01|-1.71566181535603368147
ai007034.01|-0.50262064203826040121
ai007063.01|-1.60223081613135032164
ai007065.01|-0.76725193684601600275
ai007085.01|-1.75751630197408692524
ai007092.01|-0.26589538712895199879
ai007095.01|5.68134928577554365603
ai007107.01|-0.61401075777285218926
ai007114.90|-0.90288307579451121399
ai007116.01|-0.67792629351174948926
ai007117.01|-0.62447711761260571439
ai007121.01|0.70834080129417298366
ai007124.01|-1.58028153281947458808
ai007146.01|-0.34235198370590658179
ai007146.02|-0.28985594005091669390
ai007151.01|-1.42540984581536500642
ai007152.01|-2.26898153367834654048
ai007154.01|-0.45592002569012946012
ai007161.01|-0.94872200320856925337
ai007163.01|-0.79360367735132808509
ai007171.01|-0.70910793768478697086
ai007183.01|0.51630564314117233238
ai007185.01|-0.14776239499452786808
ai007192.01|0.58874144812467554821
ai007203.01|-1.41023296005322040791
ai007205.01|-1.60902984634771173411
ai007228.01|-0.77896861130903338744
ai007241.01|-0.56026045439020055738
ai007243.01|-7.19016180870856125296
ai007251.01|-0.99072132368869780805
ai007257.01|-0.65716260718595442825
ai007260.01|-1.20473671251406866389
ai007275.01|-0.19249530703762107731
ai007277.01|-0.51905067619709865934
ai007279.01|-1.53406533619565466076
ai007281.01|-0.96816981337598018165
ai007291.01|-1.71045640352809691365
ai007295.01|0.56905768821381985667
ai007300.01|-0.37184655990368720158
ai007309.01|-0.80569870669517174022
ai007311.01|-1.38809482565615516236
ai007315.01|-0.42941358408336427477
ai007331.01|-1.23072154198869565533
ai007343.01|-1.62485386871321280111
ai007346.01|-1.46988344969315898325
ai007350.01|-0.58638196020618460480
ai007366.01|-0.44609220511465830228
ai007368.01|-0.61587675433100264044
ai007389.01|-1.36301516291866509079
ai007401.01|-1.39611582574168591186
ai007420.01|-1.49583717436089491670
ai007422.04|-1.20905324505970757087
ai007435.01|-0.95407347973232425886
ai007437.01|-0.64423780229434524092
ai007449.07|0.02570122744127328884
ai007450.12|0.03794345019999083995
ai007471.90|-0.71459438760642901567
ai007481.01|-0.55271995133324902660
ai007486.01|-2.08211224027179087059
ai007498.01|-0.31821023500373235571
ai007506.01|-1.43440020391547351508
ai007506.03|-1.31190187759510323851
ai007509.02|-2.52635534329859234859
ai007509.03|-1.92392755876852383778
ai007510.01|-0.11537599967324495276
ai007525.01|-0.48523716852529652499
ai007525.02|-0.08521554304330693219
ai007525.03|-0.13845193868327590470
ai007526.01|-0.77684307373034233724
ai007543.01|-0.09417034194215365139
ai007549.01|-1.24307052878921364680
ai007549.02|-1.13981499241929662425
ai007566.01|-1.19340999495392652285
ai007576.01|-0.68368702039965156825
ai007585.01|-0.85512502553325131505
ai007602.01|-0.58463641411709232898
ai007620.01|-1.45426580828610707563
ai007632.01|-0.08530490564889112171
ai007636.01|-1.29074656978374990857
ai007637.01|-1.28502762108964696530
ai007647.01|-1.67867302108972915597
ai007647.12|-0.53966560378872097115
ai007647.14|-0.37590084487906927357
ai007647.16|-0.50915209266855998571
ai007647.18|-0.49209744759996132402
ai007647.19|-0.59309327909855236172
ai007647.21|-0.38467556562305743606
ai007647.26|-0.38855081446499284414
ai007647.27|-0.37515136033819512784
ai007647.28|-0.56865291651739335865
ai007647.29|-0.41394354888418483096
ai007647.30|-0.35594672276563216196
ai007647.31|-0.51189888295365548743
ai007647.32|-0.43031328888587222492
ai007647.33|-0.42527159413861775894
ai007647.52|-2.21063237076654894864
ai007647.53|-1.77976903351759929706
ai007648.01|-1.34877186869089360499
ai007658.02|-1.26957818547198120207
ai007660.01|-0.34325502407272812100
ai007662.01|-0.60657440651209248994
ai007682.01|-1.45149863575704629604
ai007685.01|-0.34905377248708385762
ai007691.01|-0.87611099439966044766
ai007694.02|-1.27330426902676241419
ai007696.01|-0.22531026059368935988
ai007733.01|-1.16855100218418161973
ai007741.01|-1.51818996337895462112
ai007741.02|-0.22447171807257010334
ai007750.01|-1.17031000124541617602
ai007758.01|1.87064254585034017708
ai007759.01|-0.89153924922590188640
ai007762.01|-0.80087771837201160441
ai007769.08|-0.02234738641045302260
ai007769.09|-0.00330143862614031003
ai007781.01|-0.40426378770844806354
ai007799.01|-0.53133127666369084352
ai007817.01|-1.10028532013944246870
ai007824.01|-0.58003692530650963199
ai007849.01|-0.62956813509281550623
ai007850.01|-1.57216137260243993268
ai007863.01|0.07752995642406704246
ai007866.01|-1.64705385041484930753
ai007875.01|-1.09353601077258022478
ai007881.01|-0.53564274984323467788
